,Date,Income,Outcome,Balance,tax_day,IsDayOff_Status_Workalendar_RU,covid,IMICEX,TransRUB1M
0,2017-01-09,1.343,1.488,-0.156,0,0,0,2211.25,9.78
1,2017-01-10,1.069,1.194,-0.126,0,0,0,2237.4900000000002,9.790000000000001
2,2017-01-11,0.944,0.937,0.008,0,0,0,2218.61,9.85
3,2017-01-12,1.672,0.875,0.8,0,0,0,2212.0,9.87
4,2017-01-13,0.956,0.976,-0.02,0,0,0,2195.19,9.959999999999999
5,2017-01-14,0.0,0.0,0.0,0,1,0,,
6,2017-01-15,0.0,0.0,0.0,0,1,0,,
7,2017-01-16,1.082,1.024,0.058,0,0,0,2189.07,9.969999999999999
8,2017-01-17,0.896,1.448,-0.549,0,0,0,2178.73,10.0
9,2017-01-18,0.755,0.88,-0.125,0,0,0,2170.09,10.34
10,2017-01-19,0.95,0.955,-0.005,0,0,0,2162.25,10.37
11,2017-01-20,1.024,1.138,-0.114,0,0,0,2159.96,10.31
12,2017-01-21,0.0,0.0,0.0,0,1,0,,
13,2017-01-22,0.0,0.0,0.0,0,1,0,,
14,2017-01-23,1.111,1.22,-0.109,0,0,0,2146.09,10.31
15,2017-01-24,1.04,0.967,0.073,0,0,0,2174.59,10.299999999999999
16,2017-01-25,1.08,1.194,-0.114,0,0,0,2176.0,10.23
17,2017-01-26,0.978,1.112,-0.134,0,0,0,2229.2000000000003,10.290000000000001
18,2017-01-27,1.196,1.396,-0.198,0,0,0,2266.05,10.27
19,2017-01-28,0.0,0.0,0.0,0,1,0,,
20,2017-01-29,0.0,0.0,0.0,0,1,0,,
21,2017-01-30,1.304,1.462,-0.155,1,0,0,2234.14,10.280000000000001
22,2017-01-31,1.26,1.287,-0.027,0,0,0,2217.39,10.31
23,2017-02-01,0.954,0.86,0.093,0,0,0,2231.68,10.24
24,2017-02-02,0.982,0.899,0.083,0,0,0,2217.56,10.280000000000001
25,2017-02-03,0.988,0.981,0.007,0,0,0,2226.61,10.280000000000001
26,2017-02-04,0.0,0.0,0.0,0,1,0,,
27,2017-02-05,0.0,0.0,0.0,0,1,0,,
28,2017-02-06,0.911,0.943,-0.032,0,0,0,2210.51,10.280000000000001
29,2017-02-07,0.912,0.953,-0.041,0,0,0,2218.77,10.33
30,2017-02-08,1.102,0.905,0.197,0,0,0,2189.61,10.33
31,2017-02-09,1.501,1.072,0.435,0,0,0,2173.98,10.33
32,2017-02-10,1.148,0.964,0.184,0,0,0,2162.19,10.33
33,2017-02-11,0.0,0.0,0.0,0,1,0,,
34,2017-02-12,0.0,0.0,0.0,0,1,0,,
35,2017-02-13,1.102,1.293,-0.19,0,0,0,2161.4900000000002,10.52
36,2017-02-14,0.982,1.069,-0.086,0,0,0,2141.5,10.52
37,2017-02-15,1.08,1.046,0.034,0,0,0,2137.08,10.2
38,2017-02-16,1.127,0.857,0.27,0,0,0,2148.48,10.22
39,2017-02-17,1.003,0.919,0.084,0,0,0,2128.21,10.209999999999999
40,2017-02-18,0.0,0.0,0.0,0,1,0,,
41,2017-02-19,0.0,0.0,0.0,0,1,0,,
42,2017-02-20,1.12,1.144,-0.025,0,0,0,2119.09,10.23
43,2017-02-21,1.288,1.156,0.131,0,0,0,2127.7200000000003,10.23
44,2017-02-22,1.435,1.422,0.023,0,0,0,2106.3,10.32
45,2017-02-23,0.0,0.0,0.0,0,1,0,,
46,2017-02-24,0.058,0.005,0.053,0,0,0,2093.09,
47,2017-02-25,0.0,0.0,0.0,0,1,0,,
48,2017-02-26,0.0,0.0,0.0,0,1,0,,
49,2017-02-27,1.764,1.883,-0.119,0,0,0,2056.46,10.32
50,2017-02-28,1.501,1.712,-0.211,1,0,0,2035.77,10.290000000000001
51,2017-03-01,0.942,1.14,-0.198,0,0,0,2059.87,10.280000000000001
52,2017-03-02,1.03,0.867,0.163,0,0,0,2049.0,10.290000000000001
53,2017-03-03,0.981,0.912,0.069,0,0,0,2056.89,10.31
54,2017-03-04,0.0,0.0,0.0,0,1,0,,
55,2017-03-05,0.0,0.0,0.0,0,1,0,,
56,2017-03-06,1.001,1.09,-0.089,0,0,0,2047.42,10.43
57,2017-03-07,0.94,0.888,0.052,0,0,0,2024.8400000000001,10.42
58,2017-03-08,0.0,0.0,0.0,0,1,0,,
59,2017-03-09,1.356,1.064,0.298,0,0,0,1974.24,10.42
60,2017-03-10,1.126,1.01,0.117,0,0,0,1973.96,10.43
61,2017-03-11,0.0,0.0,0.0,0,1,0,,
62,2017-03-12,0.0,0.0,0.0,0,1,0,,
63,2017-03-13,1.239,1.409,-0.164,0,0,0,2000.14,10.33
64,2017-03-14,1.475,1.121,0.358,0,0,0,2001.25,10.27
65,2017-03-15,1.257,1.248,0.009,0,0,0,1992.5900000000001,10.2
66,2017-03-16,1.026,0.984,0.042,0,0,0,2014.3700000000001,10.290000000000001
67,2017-03-17,1.091,1.031,0.06,0,0,0,2036.96,10.290000000000001
68,2017-03-18,0.0,0.0,0.0,0,1,0,,
69,2017-03-19,0.0,0.0,0.0,0,1,0,,
70,2017-03-20,1.317,1.435,-0.119,0,0,0,2042.72,10.34
71,2017-03-21,1.168,1.077,0.091,0,0,0,2048.07,10.549999999999999
72,2017-03-22,1.107,1.084,0.024,0,0,0,2061.53,10.51
73,2017-03-23,1.112,1.033,0.079,0,0,0,2051.04,10.489999999999998
74,2017-03-24,1.097,1.115,-0.017,0,0,0,2039.77,10.47
75,2017-03-25,0.0,0.0,0.0,0,1,0,,
76,2017-03-26,0.0,0.0,0.0,0,1,0,,
77,2017-03-27,2.844,1.488,1.343,0,0,0,2013.16,10.47
78,2017-03-28,1.343,2.594,-1.244,1,0,0,2032.54,10.48
79,2017-03-29,1.435,1.099,0.331,0,0,0,2023.71,9.84
80,2017-03-30,1.435,1.475,-0.04,0,0,0,2021.88,9.75
81,2017-03-31,1.475,1.514,-0.033,0,0,0,1995.9,9.76
82,2017-04-01,0.0,0.0,0.0,0,1,0,,
83,2017-04-02,0.0,0.0,0.0,0,1,0,,
84,2017-04-03,1.212,1.27,-0.058,0,0,0,2008.6100000000001,9.76
85,2017-04-04,1.154,1.369,-0.21,0,0,0,2025.69,9.76
86,2017-04-05,1.058,1.016,0.042,0,0,0,2056.32,9.75
87,2017-04-06,1.15,0.896,0.254,0,0,0,2054.69,9.74
88,2017-04-07,1.008,0.974,0.035,0,0,0,2020.23,9.73
89,2017-04-08,0.0,0.0,0.0,0,1,0,,
90,2017-04-09,0.0,0.0,0.0,0,1,0,,
91,2017-04-10,1.255,1.166,0.089,0,0,0,1971.23,9.73
92,2017-04-11,1.073,0.948,0.125,0,0,0,1977.95,9.73
93,2017-04-12,0.986,0.985,0.001,0,0,0,1947.88,9.71
94,2017-04-13,1.085,0.928,0.157,0,0,0,1944.7,9.71
95,2017-04-14,1.106,1.121,-0.015,0,0,0,1916.29,9.719999999999999
96,2017-04-15,0.0,0.0,0.0,0,1,0,,
97,2017-04-16,0.0,0.0,0.0,0,1,0,,
98,2017-04-17,1.034,1.182,-0.148,0,0,0,1942.72,9.719999999999999
99,2017-04-18,0.885,0.956,-0.071,0,0,0,1920.29,9.73
100,2017-04-19,1.041,0.931,0.11,0,0,0,1916.5,9.700000000000001
101,2017-04-20,1.168,1.043,0.125,0,0,0,1932.17,9.719999999999999
102,2017-04-21,0.911,0.998,-0.087,0,0,0,1944.72,9.74
103,2017-04-22,0.0,0.0,0.0,0,1,0,,
104,2017-04-23,0.0,0.0,0.0,0,1,0,,
105,2017-04-24,1.12,1.25,-0.13,0,0,0,1979.57,9.75
106,2017-04-25,1.223,1.409,-0.188,0,0,0,1998.41,9.75
107,2017-04-26,1.301,1.356,-0.051,0,0,0,2026.92,9.75
108,2017-04-27,1.501,1.475,0.017,0,0,0,2011.67,9.91
109,2017-04-28,1.501,1.936,-0.432,1,0,0,2016.71,9.91
110,2017-04-29,0.0,0.0,0.0,0,1,0,,
111,2017-04-30,0.0,0.0,0.0,0,1,0,,
112,2017-05-01,0.0,0.0,0.0,0,1,0,,
113,2017-05-02,1.23,1.396,-0.167,0,0,0,2026.8500000000001,9.82
114,2017-05-03,0.941,1.016,-0.076,0,0,0,1993.66,9.22
115,2017-05-04,1.115,0.836,0.279,0,0,0,1998.8700000000001,9.22
116,2017-05-05,1.151,0.941,0.21,0,0,0,2002.41,9.22
117,2017-05-06,0.0,0.0,0.0,0,1,0,,
118,2017-05-07,0.0,0.0,0.0,0,1,0,,
119,2017-05-08,0.0,0.0,0.0,0,0,0,,
120,2017-05-09,0.0,0.0,0.0,0,1,0,,9.22
121,2017-05-10,1.185,1.356,-0.165,0,0,0,2028.21,9.22
122,2017-05-11,1.396,1.527,-0.132,0,0,0,2002.54,9.21
123,2017-05-12,1.178,1.09,0.087,0,0,0,1994.5800000000002,9.21
124,2017-05-13,0.0,0.0,0.0,0,1,0,,
125,2017-05-14,0.0,0.0,0.0,0,1,0,,
126,2017-05-15,1.266,1.278,-0.012,0,0,0,2003.1200000000001,9.21
127,2017-05-16,1.188,1.064,0.124,0,0,0,1992.94,9.21
128,2017-05-17,1.097,1.175,-0.077,0,0,0,1994.3500000000001,9.21
129,2017-05-18,1.307,1.176,0.131,0,0,0,1967.66,9.21
130,2017-05-19,1.053,1.043,0.01,0,0,0,1962.4,9.180000000000001
131,2017-05-20,0.0,0.0,0.0,0,1,0,,
132,2017-05-21,0.0,0.0,0.0,0,1,0,,
133,2017-05-22,1.317,1.289,0.034,0,0,0,1950.51,9.180000000000001
134,2017-05-23,1.108,2.001,-0.89,0,0,0,1960.16,9.17
135,2017-05-24,1.116,1.105,0.011,0,0,0,1951.98,9.19
136,2017-05-25,1.396,1.488,-0.081,0,0,0,1947.26,9.19
137,2017-05-26,1.804,1.109,0.699,0,0,0,1934.25,9.21
138,2017-05-27,0.0,0.0,0.0,0,1,0,,
139,2017-05-28,0.0,0.0,0.0,0,1,0,,
140,2017-05-29,1.317,1.383,-0.054,1,0,0,1940.77,9.2
141,2017-05-30,1.15,1.121,0.029,0,0,0,1932.91,9.21
142,2017-05-31,1.435,1.409,0.023,0,0,0,1900.38,9.21
143,2017-06-01,1.028,0.993,0.036,0,0,0,1869.66,9.2
144,2017-06-02,0.949,1.094,-0.145,0,0,0,1881.8700000000001,9.2
145,2017-06-03,0.0,0.0,0.0,0,1,0,,
146,2017-06-04,0.0,0.0,0.0,0,1,0,,
147,2017-06-05,1.209,1.143,0.066,0,0,0,1877.69,9.21
148,2017-06-06,1.409,1.162,0.245,0,0,0,1870.04,9.21
149,2017-06-07,0.937,1.037,-0.1,0,0,0,1868.42,9.21
150,2017-06-08,1.084,0.899,0.186,0,0,0,1874.21,9.2
151,2017-06-09,1.184,0.977,0.207,0,0,0,1883.3400000000001,9.21
152,2017-06-10,0.0,0.0,0.0,0,1,0,,
153,2017-06-11,0.0,0.0,0.0,0,1,0,,
154,2017-06-12,0.0,0.0,0.0,0,1,0,,
155,2017-06-13,1.567,1.245,0.327,0,0,0,1861.27,9.21
156,2017-06-14,1.448,1.527,-0.077,0,0,0,1838.32,9.21
157,2017-06-15,1.527,1.192,0.336,0,0,0,1817.82,9.21
158,2017-06-16,1.08,1.008,0.072,0,0,0,1822.91,9.2
159,2017-06-17,0.0,0.0,0.0,0,1,0,,
160,2017-06-18,0.0,0.0,0.0,0,1,0,,
161,2017-06-19,1.168,1.295,-0.127,0,0,0,1849.78,9.2
162,2017-06-20,1.178,1.075,0.103,0,0,0,1857.96,9.2
163,2017-06-21,0.971,1.113,-0.142,0,0,0,1850.81,9.2
164,2017-06-22,1.072,1.124,-0.053,0,0,0,1860.05,8.95
165,2017-06-23,1.25,1.257,-0.006,0,0,0,1867.46,8.95
166,2017-06-24,0.0,0.0,0.0,0,1,0,,
167,2017-06-25,0.0,0.0,0.0,0,1,0,,
168,2017-06-26,1.313,1.488,-0.173,0,0,0,1860.39,8.95
169,2017-06-27,1.475,1.216,0.257,0,0,0,1878.94,8.95
170,2017-06-28,1.685,1.33,0.361,1,0,0,1891.98,8.95
171,2017-06-29,1.422,1.541,-0.112,0,0,0,1881.04,8.95
172,2017-06-30,1.606,1.922,-0.322,0,0,0,1879.5,8.95
173,2017-07-01,0.0,0.0,0.0,0,1,0,,
174,2017-07-02,0.0,0.0,0.0,0,1,0,,
175,2017-07-03,1.243,1.488,-0.248,0,0,0,1902.5900000000001,8.95
176,2017-07-04,1.448,1.082,0.37,0,0,0,1917.4,8.95
177,2017-07-05,1.075,0.964,0.112,0,0,0,1921.38,8.95
178,2017-07-06,1.14,1.076,0.064,0,0,0,1923.22,8.95
179,2017-07-07,1.031,0.924,0.108,0,0,0,1912.48,8.95
180,2017-07-08,0.0,0.0,0.0,0,1,0,,
181,2017-07-09,0.0,0.0,0.0,0,1,0,,
182,2017-07-10,1.462,1.137,0.324,0,0,0,1925.74,8.95
183,2017-07-11,1.269,1.059,0.21,0,0,0,1937.64,8.95
184,2017-07-12,1.093,1.036,0.056,0,0,0,1954.39,8.94
185,2017-07-13,1.256,0.921,0.334,0,0,0,1959.91,8.95
186,2017-07-14,1.04,1.462,-0.425,0,0,0,1960.69,8.95
187,2017-07-15,0.0,0.0,0.0,0,1,0,,
188,2017-07-16,0.0,0.0,0.0,0,1,0,,
189,2017-07-17,1.249,1.343,-0.095,0,0,0,1959.1100000000001,8.95
190,2017-07-18,0.99,1.099,-0.109,0,0,0,1947.71,8.94
191,2017-07-19,1.207,1.127,0.08,0,0,0,1951.89,8.94
192,2017-07-20,2.094,1.043,1.054,0,0,0,1946.51,8.74
193,2017-07-21,1.31,1.343,-0.037,0,0,0,1925.13,8.74
194,2017-07-22,0.0,0.0,0.0,0,1,0,,
195,2017-07-23,0.0,0.0,0.0,0,1,0,,
196,2017-07-24,1.396,2.265,-0.876,0,0,0,1931.75,8.73
197,2017-07-25,1.422,1.396,0.031,0,0,0,1923.73,8.73
198,2017-07-26,0.971,1.527,-0.562,0,0,0,1933.1000000000001,8.73
199,2017-07-27,1.33,1.137,0.195,0,0,0,1945.1200000000001,8.73
200,2017-07-28,1.099,1.343,-0.246,1,0,0,1916.75,8.73
201,2017-07-29,0.0,0.0,0.0,0,1,0,,
202,2017-07-30,0.0,0.0,0.0,0,1,0,,
203,2017-07-31,1.554,1.58,-0.034,0,0,0,1919.53,8.73
204,2017-08-01,1.094,1.248,-0.154,0,0,0,1940.14,8.75
205,2017-08-02,1.317,1.102,0.216,0,0,0,1965.48,8.75
206,2017-08-03,1.24,0.922,0.319,0,0,0,1965.29,8.780000000000001
207,2017-08-04,1.183,0.999,0.185,0,0,0,,8.780000000000001
208,2017-08-05,0.0,0.0,0.0,0,1,0,,
209,2017-08-06,0.0,0.0,0.0,0,1,0,,
210,2017-08-07,1.409,1.244,0.167,0,0,0,1970.3700000000001,8.799999999999999
211,2017-08-08,1.135,1.077,0.058,0,0,0,1989.6100000000001,8.780000000000001
212,2017-08-09,1.054,1.152,-0.098,0,0,0,1975.91,8.77
213,2017-08-10,1.189,1.275,-0.086,0,0,0,1960.23,8.77
214,2017-08-11,1.202,1.085,0.117,0,0,0,1944.83,8.77
215,2017-08-12,0.0,0.0,0.0,0,1,0,,8.76
216,2017-08-13,0.0,0.0,0.0,0,1,0,,8.76
217,2017-08-14,1.263,1.298,-0.035,0,0,0,1951.75,8.76
218,2017-08-15,1.285,1.275,0.01,0,0,0,1950.28,8.76
219,2017-08-16,1.014,1.194,-0.18,0,0,0,1942.88,8.76
220,2017-08-17,1.125,0.943,0.182,0,0,0,1941.52,8.73
221,2017-08-18,1.05,0.934,0.116,0,0,0,1930.71,8.709999999999999
222,2017-08-19,0.0,0.0,0.0,0,1,0,,8.709999999999999
223,2017-08-20,0.0,0.0,0.0,0,1,0,,8.709999999999999
224,2017-08-21,1.282,1.203,0.079,0,0,0,1937.66,8.709999999999999
225,2017-08-22,1.008,1.084,-0.076,0,0,0,1947.4,8.690000000000001
226,2017-08-23,1.011,0.943,0.069,0,0,0,1958.52,8.68
227,2017-08-24,1.19,1.197,-0.007,0,0,0,1973.5,8.67
228,2017-08-25,1.069,1.299,-0.231,0,0,0,1979.14,8.67
229,2017-08-26,0.0,0.0,0.0,0,1,0,,8.649999999999999
230,2017-08-27,0.0,0.0,0.0,0,1,0,,8.649999999999999
231,2017-08-28,1.356,1.383,-0.025,1,0,0,1987.15,8.649999999999999
232,2017-08-29,1.032,1.089,-0.057,0,0,0,1989.1200000000001,8.63
233,2017-08-30,1.131,1.231,-0.1,0,0,0,2008.88,8.61
234,2017-08-31,1.383,1.145,0.235,0,0,0,2022.22,8.6
235,2017-09-01,0.944,1.209,-0.266,0,0,0,2010.98,8.559999999999999
236,2017-09-02,0.0,0.0,0.0,0,1,0,,8.55
237,2017-09-03,0.0,0.0,0.0,0,1,0,,8.55
238,2017-09-04,0.978,1.025,-0.047,0,0,0,2003.32,8.55
239,2017-09-05,1.33,1.229,0.106,0,0,0,2004.02,8.52
240,2017-09-06,1.074,0.916,0.157,0,0,0,2014.6000000000001,8.49
241,2017-09-07,1.313,1.068,0.245,0,0,0,2010.17,8.450000000000001
242,2017-09-08,1.199,1.079,0.12,0,0,0,2032.75,8.43
243,2017-09-09,0.0,0.0,0.0,0,1,0,,8.43
244,2017-09-10,0.0,0.0,0.0,0,1,0,,8.43
245,2017-09-11,1.501,1.225,0.282,0,0,0,2044.13,8.43
246,2017-09-12,1.134,1.343,-0.212,0,0,0,2058.8,8.43
247,2017-09-13,1.054,1.097,-0.043,0,0,0,2054.19,8.42
248,2017-09-14,1.356,1.241,0.112,0,0,0,2052.25,8.41
249,2017-09-15,1.244,1.074,0.17,0,0,0,2053.81,8.4
250,2017-09-16,0.0,0.0,0.0,0,1,0,,8.39
251,2017-09-17,0.0,0.0,0.0,0,1,0,,8.39
252,2017-09-18,1.183,1.216,-0.032,0,0,0,2059.08,8.39
253,2017-09-19,1.216,1.049,0.167,0,0,0,2048.9900000000002,8.33
254,2017-09-20,1.175,1.083,0.092,0,0,0,2057.53,8.3
255,2017-09-21,1.646,1.343,0.298,0,0,0,2060.2400000000002,8.27
256,2017-09-22,1.278,1.62,-0.343,0,0,0,2051.63,8.219999999999999
257,2017-09-23,0.0,0.0,0.0,0,1,0,,8.21
258,2017-09-24,0.0,0.0,0.0,0,1,0,,8.21
259,2017-09-25,1.843,1.857,-0.009,0,0,0,2069.11,8.21
260,2017-09-26,1.313,1.317,-0.007,0,0,0,2071.13,8.17
261,2017-09-27,1.229,1.229,0.0,0,0,0,2081.12,8.12
262,2017-09-28,1.988,1.475,0.505,1,0,0,2071.64,8.12
263,2017-09-29,1.738,1.593,0.134,0,0,0,2077.19,8.09
264,2017-09-30,0.0,0.0,0.0,0,1,0,,8.1
265,2017-10-01,0.0,0.0,0.0,0,1,0,,8.1
266,2017-10-02,1.202,1.448,-0.251,0,0,0,2075.7200000000003,8.1
267,2017-10-03,1.058,1.181,-0.123,0,0,0,2076.81,8.09
268,2017-10-04,1.302,1.135,0.167,0,0,0,2077.09,8.12
269,2017-10-05,1.462,1.218,0.238,0,0,0,2088.32,8.129999999999999
270,2017-10-06,1.038,1.183,-0.145,0,0,0,2093.86,8.12
271,2017-10-07,0.0,0.0,0.0,0,1,0,,8.1
272,2017-10-08,0.0,0.0,0.0,0,1,0,,8.1
273,2017-10-09,1.235,1.263,-0.028,0,0,0,2096.29,8.1
274,2017-10-10,1.554,1.239,0.314,0,0,0,2086.91,8.1
275,2017-10-11,1.167,1.141,0.026,0,0,0,2101.07,8.1
276,2017-10-12,1.501,1.31,0.187,0,0,0,2094.96,8.1
277,2017-10-13,1.27,1.272,-0.002,0,0,0,2098.77,8.05
278,2017-10-14,0.0,0.0,0.0,0,1,0,,8.0
279,2017-10-15,0.0,0.0,0.0,0,1,0,,8.0
280,2017-10-16,1.475,1.259,0.221,0,0,0,2106.39,8.0
281,2017-10-17,1.232,1.33,-0.097,0,0,0,2092.57,8.0
282,2017-10-18,1.111,1.169,-0.058,0,0,0,2094.4,7.99
283,2017-10-19,1.409,1.283,0.133,0,0,0,2072.73,7.93
284,2017-10-20,1.235,1.061,0.173,0,0,0,2071.83,7.93
285,2017-10-21,0.0,0.0,0.0,0,1,0,,7.93
286,2017-10-22,0.0,0.0,0.0,0,1,0,,7.93
287,2017-10-23,1.475,1.475,0.001,0,0,0,2063.81,7.93
288,2017-10-24,1.3,1.255,0.045,0,0,0,2061.79,7.84
289,2017-10-25,1.751,1.633,0.107,0,0,0,2049.48,7.82
290,2017-10-26,1.26,1.356,-0.09,0,0,0,2046.69,7.79
291,2017-10-27,1.383,1.33,0.042,0,0,0,2068.76,7.79
292,2017-10-28,0.0,0.0,0.0,0,1,0,,7.79
293,2017-10-29,0.0,0.0,0.0,0,1,0,,7.79
294,2017-10-30,1.514,1.791,-0.281,1,0,0,2065.25,7.79
295,2017-10-31,2.041,1.475,0.556,0,0,0,2064.31,7.76
296,2017-11-01,1.178,1.751,-0.567,0,0,0,2082.73,7.76
297,2017-11-02,1.462,1.099,0.365,0,0,0,2073.04,7.75
298,2017-11-03,1.17,1.633,-0.468,0,0,0,2081.15,7.75
299,2017-11-04,0.0,0.0,0.0,0,1,0,,7.75
300,2017-11-05,0.0,0.0,0.0,0,1,0,,7.75
301,2017-11-06,0.0,0.0,0.0,0,1,0,,7.75
302,2017-11-07,1.462,1.857,-0.391,0,0,0,2155.55,7.75
303,2017-11-08,1.202,1.369,-0.172,0,0,0,2163.01,7.75
304,2017-11-09,1.307,1.422,-0.111,0,0,0,2183.61,7.739999999999999
305,2017-11-10,0.0,0.0,0.0,0,0,0,2169.26,7.739999999999999
306,2017-11-11,0.0,0.0,0.0,0,1,0,,7.720000000000001
307,2017-11-12,0.0,0.0,0.0,0,1,0,,7.720000000000001
308,2017-11-13,1.383,1.448,-0.074,0,0,0,2167.63,7.720000000000001
309,2017-11-14,1.422,1.263,0.166,0,0,0,2166.83,7.7
310,2017-11-15,1.343,1.196,0.143,0,0,0,2131.75,7.71
311,2017-11-16,1.165,1.383,-0.219,0,0,0,2132.65,7.71
312,2017-11-17,1.193,1.165,0.027,0,0,0,2131.91,7.720000000000001
313,2017-11-18,0.0,0.0,0.0,0,1,0,,7.720000000000001
314,2017-11-19,0.0,0.0,0.0,0,1,0,,7.720000000000001
315,2017-11-20,1.312,1.462,-0.152,0,0,0,2130.39,7.720000000000001
316,2017-11-21,1.178,1.116,0.062,0,0,0,2155.82,7.720000000000001
317,2017-11-22,1.112,1.147,-0.035,0,0,0,2160.16,7.720000000000001
318,2017-11-23,1.241,1.119,0.123,0,0,0,2148.56,7.720000000000001
319,2017-11-24,1.254,1.216,0.039,0,0,0,2161.17,7.720000000000001
320,2017-11-25,0.0,0.0,0.0,0,1,0,,7.71
321,2017-11-26,0.0,0.0,0.0,0,1,0,,7.71
322,2017-11-27,1.356,1.804,-0.452,0,0,0,2145.87,7.71
323,2017-11-28,1.422,1.369,0.051,1,0,0,2149.45,7.71
324,2017-11-29,1.62,1.114,0.505,0,0,0,2124.08,7.71
325,2017-11-30,1.712,1.343,0.366,0,0,0,2100.62,7.71
326,2017-12-01,1.199,1.102,0.097,0,0,0,2105.9900000000002,7.7
327,2017-12-02,0.0,0.0,0.0,0,1,0,,7.7
328,2017-12-03,0.0,0.0,0.0,0,1,0,,7.7
329,2017-12-04,1.527,1.409,0.112,0,0,0,2119.42,7.7
330,2017-12-05,1.33,1.149,0.186,0,0,0,2113.69,7.6899999999999995
331,2017-12-06,1.396,1.098,0.296,0,0,0,2124.12,7.6899999999999995
332,2017-12-07,1.356,1.143,0.217,0,0,0,2103.15,7.6899999999999995
333,2017-12-08,1.422,1.102,0.326,0,0,0,2104.9900000000002,7.6899999999999995
334,2017-12-09,0.0,0.0,0.0,0,1,0,,7.6899999999999995
335,2017-12-10,0.0,0.0,0.0,0,1,0,,7.6899999999999995
336,2017-12-11,1.527,1.514,0.022,0,0,0,2148.6,7.6899999999999995
337,2017-12-12,1.527,1.435,0.096,0,0,0,2160.75,7.6899999999999995
338,2017-12-13,1.199,1.23,-0.03,0,0,0,2131.94,7.7
339,2017-12-14,1.475,1.16,0.312,0,0,0,2152.41,7.7
340,2017-12-15,2.331,1.356,0.976,0,0,0,2143.9900000000002,7.68
341,2017-12-16,0.0,0.0,0.0,0,1,0,,7.670000000000001
342,2017-12-17,0.0,0.0,0.0,0,1,0,,7.670000000000001
343,2017-12-18,1.646,2.581,-0.934,0,0,0,2134.58,7.670000000000001
344,2017-12-19,1.883,1.448,0.434,0,0,0,2118.16,7.55
345,2017-12-20,2.317,1.606,0.704,0,0,0,2102.9700000000003,7.470000000000001
346,2017-12-21,1.988,1.764,0.228,0,0,0,2093.38,7.3999999999999995
347,2017-12-22,1.633,1.751,-0.127,0,0,0,2102.94,7.3999999999999995
348,2017-12-23,0.0,0.0,0.0,0,1,0,,7.380000000000001
349,2017-12-24,0.0,0.0,0.0,0,1,0,,7.380000000000001
350,2017-12-25,2.831,3.766,-0.936,0,0,0,2105.06,7.380000000000001
351,2017-12-26,2.383,2.831,-0.455,0,0,0,2097.03,7.380000000000001
352,2017-12-27,2.712,2.475,0.236,0,0,0,2106.17,7.380000000000001
353,2017-12-28,3.265,2.726,0.541,1,0,0,2102.89,7.37
354,2017-12-29,2.015,1.83,0.176,0,0,0,2109.7400000000002,7.35
355,2017-12-30,0.006,0.003,0.003,0,1,0,,7.35
356,2017-12-31,0.0,0.0,0.0,0,1,0,,7.35
357,2018-01-01,0.0,0.0,0.0,0,1,0,,7.35
358,2018-01-02,0.0,0.0,0.0,0,1,0,,7.35
359,2018-01-03,0.007,0.007,-0.001,0,1,0,2152.9700000000003,7.35
360,2018-01-04,0.001,0.0,0.001,0,1,0,2197.6,7.35
361,2018-01-05,0.001,0.0,0.001,0,1,0,2207.41,7.35
362,2018-01-06,0.011,0.118,-0.107,0,1,0,,7.35
363,2018-01-07,0.0,0.0,0.0,0,1,0,,7.35
364,2018-01-08,0.0,0.0,0.0,0,1,0,,7.35
365,2018-01-09,1.646,2.212,-0.567,0,0,0,2225.39,7.35
366,2018-01-10,1.356,1.554,-0.197,0,0,0,2232.27,7.35
367,2018-01-11,1.58,1.343,0.234,0,0,0,2246.4500000000003,7.35
368,2018-01-12,1.712,1.303,0.404,0,0,0,2262.38,7.3
369,2018-01-13,0.0,0.0,0.0,0,1,0,,7.26
370,2018-01-14,0.0,0.0,0.0,0,1,0,,7.26
371,2018-01-15,1.356,3.753,-2.383,0,0,0,2261.53,7.26
372,2018-01-16,1.021,1.369,-0.345,0,0,0,2257.89,7.180000000000001
373,2018-01-17,1.054,1.462,-0.407,0,0,0,2277.89,7.12
374,2018-01-18,0.961,1.14,-0.178,0,0,0,2297.4700000000003,7.049999999999999
375,2018-01-19,1.231,1.235,-0.004,0,0,0,2286.33,7.03
376,2018-01-20,0.0,0.0,0.0,0,1,0,,7.000000000000001
377,2018-01-21,0.0,0.0,0.0,0,1,0,,7.000000000000001
378,2018-01-22,1.409,1.527,-0.125,0,0,0,2308.61,7.000000000000001
379,2018-01-23,1.166,1.27,-0.104,0,0,0,2298.9500000000003,6.99
380,2018-01-24,1.108,1.273,-0.165,0,0,0,2306.9900000000002,6.99
381,2018-01-25,1.843,2.015,-0.171,0,0,0,2320.03,6.98
382,2018-01-26,1.213,1.633,-0.414,0,0,0,2295.26,6.97
383,2018-01-27,0.0,0.0,0.0,0,1,0,,6.959999999999999
384,2018-01-28,0.0,0.0,0.0,0,1,0,,6.959999999999999
385,2018-01-29,1.33,1.712,-0.38,1,0,0,2284.27,6.959999999999999
386,2018-01-30,1.308,1.306,0.002,0,0,0,2280.36,6.959999999999999
387,2018-01-31,1.475,1.018,0.453,0,0,0,2289.9900000000002,6.959999999999999
388,2018-02-01,1.126,1.114,0.012,0,0,0,2302.57,6.97
389,2018-02-02,1.114,1.028,0.087,0,0,0,2281.84,6.959999999999999
390,2018-02-03,0.0,0.0,0.0,0,1,0,,6.93
391,2018-02-04,0.0,0.0,0.0,0,1,0,,6.93
392,2018-02-05,1.109,1.093,0.016,0,0,0,2276.85,6.93
393,2018-02-06,1.369,1.296,0.069,0,0,0,2238.2400000000002,6.909999999999999
394,2018-02-07,1.226,1.317,-0.092,0,0,0,2254.64,6.890000000000001
395,2018-02-08,1.243,1.33,-0.08,0,0,0,2227.2400000000002,6.890000000000001
396,2018-02-09,1.751,1.685,0.068,0,0,0,2197.12,6.88
397,2018-02-10,0.0,0.0,0.0,0,1,0,,6.859999999999999
398,2018-02-11,0.0,0.0,0.0,0,1,0,,6.859999999999999
399,2018-02-12,1.422,1.448,-0.032,0,0,0,2220.12,6.859999999999999
400,2018-02-13,1.567,1.475,0.092,0,0,0,2250.63,6.81
401,2018-02-14,1.116,1.307,-0.191,0,0,0,2257.9500000000003,6.78
402,2018-02-15,1.343,1.527,-0.184,0,0,0,2265.4500000000003,6.74
403,2018-02-16,1.222,0.97,0.252,0,0,0,2255.27,6.74
404,2018-02-17,0.0,0.0,0.0,0,1,0,,6.76
405,2018-02-18,0.0,0.0,0.0,0,1,0,,6.76
406,2018-02-19,1.184,1.422,-0.244,0,0,0,2254.92,6.76
407,2018-02-20,1.343,1.488,-0.151,0,0,0,2270.12,6.77
408,2018-02-21,1.313,1.19,0.123,0,0,0,2320.32,6.79
409,2018-02-22,1.396,1.462,-0.063,0,0,0,2336.82,6.800000000000001
410,2018-02-23,0.0,0.0,0.0,0,1,0,,6.819999999999999
411,2018-02-24,0.0,0.0,0.0,0,1,0,,6.819999999999999
412,2018-02-25,0.0,0.0,0.0,0,1,0,,6.819999999999999
413,2018-02-26,1.909,2.067,-0.156,0,0,0,2353.16,6.819999999999999
414,2018-02-27,1.356,1.988,-0.633,0,0,0,2341.89,6.83
415,2018-02-28,1.409,1.567,-0.162,1,0,0,2296.8,6.909999999999999
416,2018-03-01,1.192,1.05,0.142,0,0,0,2297.9,6.93
417,2018-03-02,1.126,1.167,-0.041,0,0,0,2288.84,6.93
418,2018-03-03,0.0,0.0,0.0,0,1,0,,6.93
419,2018-03-04,0.0,0.0,0.0,0,1,0,,6.93
420,2018-03-05,1.554,1.383,0.169,0,0,0,2309.53,6.93
421,2018-03-06,1.448,1.08,0.369,0,0,0,2303.32,6.93
422,2018-03-07,1.659,1.541,0.128,0,0,0,2291.23,6.93
423,2018-03-08,0.0,0.0,0.0,0,1,0,,6.94
424,2018-03-09,0.0,0.0,0.0,0,0,0,2311.69,6.94
425,2018-03-10,0.0,0.0,0.0,0,1,0,,6.94
426,2018-03-11,0.0,0.0,0.0,0,1,0,,6.94
427,2018-03-12,1.58,1.778,-0.196,0,0,0,2318.01,6.94
428,2018-03-13,1.243,1.396,-0.154,0,0,0,2319.38,6.94
429,2018-03-14,1.173,1.191,-0.018,0,0,0,2275.2400000000002,6.9
430,2018-03-15,1.383,1.33,0.053,0,0,0,2272.4900000000002,6.9
431,2018-03-16,1.356,1.293,0.058,0,0,0,2294.6,6.890000000000001
432,2018-03-17,0.0,0.0,0.0,0,1,0,,6.88
433,2018-03-18,0.0,0.0,0.0,0,1,0,,6.88
434,2018-03-19,1.554,1.646,-0.094,0,0,0,2281.7200000000003,6.88
435,2018-03-20,1.33,1.237,0.093,0,0,0,2291.18,6.9
436,2018-03-21,1.11,1.064,0.046,0,0,0,2309.36,6.890000000000001
437,2018-03-22,1.223,1.187,0.035,0,0,0,2285.76,6.890000000000001
438,2018-03-23,1.488,1.293,0.195,0,0,0,2285.53,6.88
439,2018-03-24,0.0,0.0,0.0,0,1,0,,6.859999999999999
440,2018-03-25,0.0,0.0,0.0,0,1,0,,6.859999999999999
441,2018-03-26,1.843,2.699,-0.865,0,0,0,2240.85,6.859999999999999
442,2018-03-27,2.265,1.791,0.462,0,0,0,2262.5,6.83
443,2018-03-28,1.567,1.778,-0.207,1,0,0,2249.23,6.819999999999999
444,2018-03-29,2.344,1.488,0.854,0,0,0,2274.62,6.819999999999999
445,2018-03-30,1.554,2.541,-0.996,0,0,0,2270.98,6.81
446,2018-03-31,0.0,0.0,0.0,0,1,0,,6.81
447,2018-04-01,0.0,0.0,0.0,0,1,0,,6.81
448,2018-04-02,1.3,1.567,-0.265,0,0,0,2256.64,6.81
449,2018-04-03,1.223,1.383,-0.162,0,0,0,2263.85,6.81
450,2018-04-04,1.223,1.435,-0.214,0,0,0,2265.6,6.819999999999999
451,2018-04-05,1.58,1.396,0.192,0,0,0,2296.25,6.819999999999999
452,2018-04-06,1.712,1.343,0.367,0,0,0,2281.23,6.819999999999999
453,2018-04-07,0.0,0.0,0.0,0,1,0,,6.83
454,2018-04-08,0.0,0.0,0.0,0,1,0,,6.83
455,2018-04-09,1.309,1.422,-0.107,0,0,0,2090.88,6.83
456,2018-04-10,1.62,1.725,-0.105,0,0,0,2173.76,6.84
457,2018-04-11,1.177,1.409,-0.232,0,0,0,2192.15,6.84
458,2018-04-12,1.435,1.215,0.218,0,0,0,2210.05,6.87
459,2018-04-13,1.409,1.167,0.245,0,0,0,2175.16,6.88
460,2018-04-14,0.0,0.0,0.0,0,1,0,,6.8500000000000005
461,2018-04-15,0.0,0.0,0.0,0,1,0,,6.8500000000000005
462,2018-04-16,1.514,1.62,-0.103,0,0,0,2143.67,6.8500000000000005
463,2018-04-17,1.104,2.62,-1.514,0,0,0,2191.19,6.88
464,2018-04-18,0.925,1.044,-0.118,0,0,0,2241.4900000000002,6.87
465,2018-04-19,1.422,1.259,0.164,0,0,0,2230.55,6.859999999999999
466,2018-04-20,1.205,1.232,-0.026,0,0,0,2232.66,6.859999999999999
467,2018-04-21,0.0,0.0,0.0,0,1,0,,6.859999999999999
468,2018-04-22,0.0,0.0,0.0,0,1,0,,6.859999999999999
469,2018-04-23,1.217,1.475,-0.257,0,0,0,2250.9900000000002,6.859999999999999
470,2018-04-24,1.33,1.33,0.002,0,0,0,2253.77,6.859999999999999
471,2018-04-25,1.514,1.699,-0.187,0,0,0,2253.5,6.859999999999999
472,2018-04-26,1.396,1.501,-0.11,0,0,0,2286.02,6.8500000000000005
473,2018-04-27,1.764,2.028,-0.269,0,0,0,2301.4900000000002,6.8500000000000005
474,2018-04-28,1.462,1.646,-0.186,0,1,0,2297.3,6.8500000000000005
475,2018-04-29,0.0,0.0,0.0,0,1,0,,6.8500000000000005
476,2018-04-30,0.005,0.0,0.005,1,0,0,2307.02,6.8500000000000005
477,2018-05-01,0.0,0.0,0.0,0,1,0,,6.8500000000000005
478,2018-05-02,0.004,0.0,0.004,0,0,0,2306.42,6.8500000000000005
479,2018-05-03,1.725,1.435,0.298,0,0,0,2274.07,6.8500000000000005
480,2018-05-04,1.369,1.541,-0.166,0,0,0,2289.4700000000003,6.8500000000000005
481,2018-05-05,0.0,0.0,0.0,0,1,0,,6.8500000000000005
482,2018-05-06,0.0,0.0,0.0,0,1,0,,6.8500000000000005
483,2018-05-07,1.396,1.296,0.106,0,0,0,2297.12,6.8500000000000005
484,2018-05-08,1.258,1.257,0.001,0,0,0,2301.9900000000002,6.8500000000000005
485,2018-05-09,0.0,0.0,0.0,0,1,0,,6.8500000000000005
486,2018-05-10,1.764,1.279,0.484,0,0,0,2312.92,6.8500000000000005
487,2018-05-11,1.369,1.281,0.091,0,0,0,2345.26,6.8500000000000005
488,2018-05-12,0.0,0.0,0.0,0,1,0,,6.84
489,2018-05-13,0.0,0.0,0.0,0,1,0,,6.84
490,2018-05-14,1.685,1.462,0.221,0,0,0,2357.62,6.84
491,2018-05-15,1.475,1.343,0.121,0,0,0,2337.03,6.8500000000000005
492,2018-05-16,1.133,1.435,-0.302,0,0,0,2338.39,6.8500000000000005
493,2018-05-17,1.251,1.369,-0.125,0,0,0,2323.51,6.8500000000000005
494,2018-05-18,1.316,1.462,-0.143,0,0,0,2326.94,6.8500000000000005
495,2018-05-19,0.0,0.0,0.0,0,1,0,,6.8500000000000005
496,2018-05-20,0.0,0.0,0.0,0,1,0,,6.8500000000000005
497,2018-05-21,1.58,1.527,0.05,0,0,0,2332.63,6.8500000000000005
498,2018-05-22,1.165,1.193,-0.028,0,0,0,2326.87,6.8500000000000005
499,2018-05-23,1.23,1.259,-0.029,0,0,0,2295.57,6.8500000000000005
500,2018-05-24,1.606,1.936,-0.326,0,0,0,2294.01,6.8500000000000005
501,2018-05-25,1.409,1.843,-0.445,0,0,0,2306.57,6.8500000000000005
502,2018-05-26,0.0,0.0,0.0,0,1,0,,6.8500000000000005
503,2018-05-27,0.0,0.0,0.0,0,1,0,,6.8500000000000005
504,2018-05-28,1.541,1.778,-0.23,1,0,0,2311.28,6.8500000000000005
505,2018-05-29,1.462,1.299,0.16,0,0,0,2298.0,6.8500000000000005
506,2018-05-30,1.343,1.241,0.103,0,0,0,2297.6,6.8500000000000005
507,2018-05-31,1.488,1.356,0.125,0,0,0,2302.88,6.8500000000000005
508,2018-06-01,1.62,1.162,0.464,0,0,0,2295.34,6.8500000000000005
509,2018-06-02,0.0,0.0,0.0,0,1,0,,6.8500000000000005
510,2018-06-03,0.0,0.0,0.0,0,1,0,,6.8500000000000005
511,2018-06-04,1.567,1.738,-0.174,0,0,0,2323.64,6.8500000000000005
512,2018-06-05,1.23,1.173,0.057,0,0,0,2318.23,6.8500000000000005
513,2018-06-06,1.189,1.143,0.046,0,0,0,2315.4500000000003,6.8500000000000005
514,2018-06-07,1.369,1.224,0.139,0,0,0,2316.07,6.8500000000000005
515,2018-06-08,1.369,1.177,0.193,0,0,0,2267.92,6.8500000000000005
516,2018-06-09,1.281,1.096,0.186,0,1,0,2281.51,6.8500000000000005
517,2018-06-10,0.0,0.0,0.0,0,1,0,,6.8500000000000005
518,2018-06-11,0.006,0.0,0.006,0,0,0,2271.7400000000002,6.8500000000000005
519,2018-06-12,0.0,0.0,0.0,0,1,0,,6.8500000000000005
520,2018-06-13,1.685,1.58,0.095,0,0,0,2270.73,6.8500000000000005
521,2018-06-14,1.804,1.369,0.438,0,0,0,2253.48,6.8500000000000005
522,2018-06-15,1.936,1.606,0.331,0,0,0,2237.53,6.8500000000000005
523,2018-06-16,0.0,0.0,0.0,0,1,0,,6.8500000000000005
524,2018-06-17,0.0,0.0,0.0,0,1,0,,6.8500000000000005
525,2018-06-18,1.778,1.975,-0.197,0,0,0,2222.56,6.8500000000000005
526,2018-06-19,1.685,1.215,0.471,0,0,0,2221.42,6.859999999999999
527,2018-06-20,1.778,1.409,0.364,0,0,0,2256.27,6.859999999999999
528,2018-06-21,3.042,2.159,0.88,0,0,0,2245.94,6.859999999999999
529,2018-06-22,1.909,1.896,0.017,0,0,0,2249.68,6.859999999999999
530,2018-06-23,0.0,0.0,0.0,0,1,0,,6.859999999999999
531,2018-06-24,0.0,0.0,0.0,0,1,0,,6.859999999999999
532,2018-06-25,1.843,2.199,-0.35,0,0,0,2236.65,6.859999999999999
533,2018-06-26,2.094,1.725,0.372,0,0,0,2231.03,6.859999999999999
534,2018-06-27,1.58,1.659,-0.072,0,0,0,2253.6,6.859999999999999
535,2018-06-28,2.001,1.936,0.061,1,0,0,2250.26,6.859999999999999
536,2018-06-29,1.817,1.462,0.362,0,0,0,2295.9500000000003,6.859999999999999
537,2018-06-30,0.0,0.0,0.0,0,1,0,,6.859999999999999
538,2018-07-01,0.0,0.0,0.0,0,1,0,,6.859999999999999
539,2018-07-02,1.488,1.448,0.041,0,0,0,2319.31,6.859999999999999
540,2018-07-03,1.299,1.343,-0.042,0,0,0,2301.65,6.859999999999999
541,2018-07-04,1.527,1.006,0.515,0,0,0,2304.06,6.859999999999999
542,2018-07-05,1.738,1.227,0.512,0,0,0,2346.86,6.859999999999999
543,2018-07-06,1.501,1.26,0.242,0,0,0,2345.38,6.859999999999999
544,2018-07-07,0.0,0.0,0.0,0,1,0,,6.859999999999999
545,2018-07-08,0.0,0.0,0.0,0,1,0,,6.859999999999999
546,2018-07-09,1.567,1.58,-0.016,0,0,0,2373.17,6.859999999999999
547,2018-07-10,1.593,1.554,0.037,0,0,0,2365.17,6.859999999999999
548,2018-07-11,2.252,1.409,0.837,0,0,0,2336.15,6.859999999999999
549,2018-07-12,1.62,1.501,0.115,0,0,0,2322.06,6.859999999999999
550,2018-07-13,1.435,1.448,-0.009,0,0,0,2346.43,6.87
551,2018-07-14,0.0,0.0,0.0,0,1,0,,6.859999999999999
552,2018-07-15,0.0,0.0,0.0,0,1,0,,6.859999999999999
553,2018-07-16,1.778,1.343,0.44,0,0,0,2334.18,6.859999999999999
554,2018-07-17,1.778,1.409,0.375,0,0,0,2310.92,6.859999999999999
555,2018-07-18,1.343,1.227,0.114,0,0,0,2294.78,6.859999999999999
556,2018-07-19,1.186,1.369,-0.181,0,0,0,2269.4500000000003,6.859999999999999
557,2018-07-20,1.448,1.567,-0.116,0,0,0,2247.82,6.859999999999999
558,2018-07-21,0.0,0.0,0.0,0,1,0,,6.859999999999999
559,2018-07-22,0.0,0.0,0.0,0,1,0,,6.859999999999999
560,2018-07-23,1.975,1.435,0.543,0,0,0,2261.25,6.859999999999999
561,2018-07-24,2.107,1.633,0.47,0,0,0,2278.3,6.859999999999999
562,2018-07-25,1.58,2.225,-0.649,0,0,0,2282.84,6.859999999999999
563,2018-07-26,1.646,2.028,-0.379,0,0,0,2293.07,6.859999999999999
564,2018-07-27,1.501,1.541,-0.043,0,0,0,2292.7200000000003,6.87
565,2018-07-28,0.0,0.0,0.0,0,1,0,,6.87
566,2018-07-29,0.0,0.0,0.0,0,1,0,,6.87
567,2018-07-30,1.883,1.593,0.293,1,0,0,2295.7200000000003,6.87
568,2018-07-31,2.12,1.646,0.474,0,0,0,2321.11,6.890000000000001
569,2018-08-01,1.317,1.125,0.193,0,0,0,2315.18,6.909999999999999
570,2018-08-02,1.514,1.541,-0.03,0,0,0,2295.15,6.909999999999999
571,2018-08-03,1.422,1.369,0.053,0,0,0,2297.9900000000002,6.909999999999999
572,2018-08-04,0.0,0.0,0.0,0,1,0,,6.909999999999999
573,2018-08-05,0.0,0.0,0.0,0,1,0,,6.909999999999999
574,2018-08-06,1.356,1.541,-0.193,0,0,0,2299.88,6.909999999999999
575,2018-08-07,1.33,1.33,-0.007,0,0,0,2312.19,6.909999999999999
576,2018-08-08,1.488,1.448,0.04,0,0,0,2293.01,6.909999999999999
577,2018-08-09,1.685,1.62,0.075,0,0,0,2309.58,6.909999999999999
578,2018-08-10,1.764,1.593,0.164,0,0,0,2275.05,6.909999999999999
579,2018-08-11,0.0,0.0,0.0,0,1,0,,6.93
580,2018-08-12,0.0,0.0,0.0,0,1,0,,6.93
581,2018-08-13,1.422,1.804,-0.372,0,0,0,2285.61,6.93
582,2018-08-14,1.83,1.567,0.261,0,0,0,2282.88,6.94
583,2018-08-15,1.422,1.343,0.085,0,0,0,2267.13,6.950000000000001
584,2018-08-16,1.356,1.197,0.16,0,0,0,2261.09,6.94
585,2018-08-17,1.238,1.58,-0.34,0,0,0,2255.12,6.94
586,2018-08-18,0.0,0.0,0.0,0,1,0,,6.94
587,2018-08-19,0.0,0.0,0.0,0,1,0,,6.94
588,2018-08-20,1.462,1.606,-0.143,0,0,0,2272.4900000000002,6.94
589,2018-08-21,1.409,1.514,-0.108,0,0,0,2291.76,6.94
590,2018-08-22,1.409,1.422,-0.009,0,0,0,2297.06,6.94
591,2018-08-23,1.383,1.422,-0.034,0,0,0,2260.04,6.94
592,2018-08-24,2.159,1.554,0.608,0,0,0,2279.76,6.94
593,2018-08-25,0.0,0.0,0.0,0,1,0,,6.94
594,2018-08-26,0.0,0.0,0.0,0,1,0,,6.94
595,2018-08-27,1.87,1.883,-0.014,0,0,0,2312.93,6.94
596,2018-08-28,1.659,1.435,0.229,1,0,0,2316.28,6.94
597,2018-08-29,1.699,1.527,0.171,0,0,0,2348.44,6.93
598,2018-08-30,1.514,1.257,0.263,0,0,0,2330.92,6.94
599,2018-08-31,1.764,1.369,0.389,0,0,0,2345.85,6.98
600,2018-09-01,0.0,0.0,0.0,0,1,0,,7.03
601,2018-09-02,0.0,0.0,0.0,0,1,0,,7.03
602,2018-09-03,1.236,1.422,-0.183,0,0,0,2346.08,7.03
603,2018-09-04,1.165,1.33,-0.162,0,0,0,2336.38,7.06
604,2018-09-05,1.422,1.175,0.244,0,0,0,2321.33,7.08
605,2018-09-06,1.541,1.409,0.125,0,0,0,2320.65,7.07
606,2018-09-07,1.567,1.302,0.264,0,0,0,2321.82,7.090000000000001
607,2018-09-08,0.0,0.0,0.0,0,1,0,,7.13
608,2018-09-09,0.0,0.0,0.0,0,1,0,,7.13
609,2018-09-10,1.778,1.58,0.189,0,0,0,2335.85,7.13
610,2018-09-11,1.462,1.383,0.075,0,0,0,2335.19,7.17
611,2018-09-12,1.369,1.343,0.02,0,0,0,2340.63,7.2700000000000005
612,2018-09-13,1.712,1.175,0.534,0,0,0,2357.32,7.26
613,2018-09-14,1.488,1.488,0.002,0,0,0,2360.26,7.199999999999999
614,2018-09-15,0.0,0.0,0.0,0,1,0,,7.13
615,2018-09-16,0.0,0.0,0.0,0,1,0,,7.13
616,2018-09-17,1.567,1.606,-0.034,0,0,0,2373.75,7.13
617,2018-09-18,1.196,1.265,-0.069,0,0,0,2402.58,7.140000000000001
618,2018-09-19,1.231,1.396,-0.161,0,0,0,2404.42,7.16
619,2018-09-20,1.791,1.712,0.077,0,0,0,2400.89,7.140000000000001
620,2018-09-21,1.791,1.396,0.386,0,0,0,2426.8,7.1499999999999995
621,2018-09-22,0.0,0.0,0.0,0,1,0,,7.17
622,2018-09-23,0.0,0.0,0.0,0,1,0,,7.17
623,2018-09-24,1.988,1.646,0.344,0,0,0,2430.01,7.17
624,2018-09-25,2.028,2.752,-0.713,0,0,0,2444.2200000000003,7.199999999999999
625,2018-09-26,1.554,1.738,-0.177,0,0,0,2427.29,7.199999999999999
626,2018-09-27,2.015,1.909,0.099,0,0,0,2474.57,7.199999999999999
627,2018-09-28,2.291,2.752,-0.462,1,0,0,2475.36,7.199999999999999
628,2018-09-29,0.0,0.0,0.0,0,1,0,,7.199999999999999
629,2018-09-30,0.0,0.0,0.0,0,1,0,,7.199999999999999
630,2018-10-01,1.83,1.514,0.318,0,0,0,2472.2200000000003,7.199999999999999
631,2018-10-02,1.396,1.241,0.156,0,0,0,2449.7000000000003,7.21
632,2018-10-03,1.343,1.177,0.168,0,0,0,2493.91,7.51
633,2018-10-04,1.422,1.099,0.326,0,0,0,2465.03,7.5200000000000005
634,2018-10-05,1.285,1.396,-0.106,0,0,0,2450.9,7.5200000000000005
635,2018-10-06,0.0,0.0,0.0,0,1,0,,7.5200000000000005
636,2018-10-07,0.0,0.0,0.0,0,1,0,,7.5200000000000005
637,2018-10-08,1.462,1.462,-0.003,0,0,0,2454.28,7.5200000000000005
638,2018-10-09,2.199,1.462,0.746,0,0,0,2443.83,7.51
639,2018-10-10,0.0,0.0,0.0,0,0,0,2417.69,7.53
640,2018-10-11,1.448,1.3,0.146,0,0,0,2366.4700000000003,7.53
641,2018-10-12,1.633,1.554,0.084,0,0,0,2403.02,7.53
642,2018-10-13,0.0,0.0,0.0,0,1,0,,7.53
643,2018-10-14,0.0,0.0,0.0,0,1,0,,7.53
644,2018-10-15,1.685,2.015,-0.32,0,0,0,2389.05,7.53
645,2018-10-16,1.435,1.541,-0.108,0,0,0,2417.26,7.53
646,2018-10-17,1.369,1.488,-0.109,0,0,0,2411.42,7.53
647,2018-10-18,1.33,1.475,-0.142,0,0,0,2378.62,7.51
648,2018-10-19,1.356,1.435,-0.079,0,0,0,2344.79,7.489999999999999
649,2018-10-20,0.0,0.0,0.0,0,1,0,,7.489999999999999
650,2018-10-21,0.0,0.0,0.0,0,1,0,,7.489999999999999
651,2018-10-22,1.751,1.527,0.22,0,0,0,2308.56,7.489999999999999
652,2018-10-23,1.501,1.514,-0.008,0,0,0,2305.58,7.51
653,2018-10-24,1.316,1.751,-0.438,0,0,0,2336.4900000000002,7.5
654,2018-10-25,1.791,3.2,-1.396,0,0,0,2331.59,7.5
655,2018-10-26,1.488,1.58,-0.091,0,0,0,2293.2200000000003,7.489999999999999
656,2018-10-27,0.0,0.0,0.0,0,1,0,,7.489999999999999
657,2018-10-28,0.0,0.0,0.0,0,1,0,,7.489999999999999
658,2018-10-29,2.252,1.909,0.338,1,0,0,2317.06,7.489999999999999
659,2018-10-30,1.567,1.396,0.175,0,0,0,2299.98,7.5
660,2018-10-31,1.369,2.291,-0.921,0,0,0,2352.71,7.489999999999999
661,2018-11-01,1.448,1.593,-0.147,0,0,0,2359.33,7.48
662,2018-11-02,1.567,1.298,0.273,0,0,0,2377.9500000000003,7.48
663,2018-11-03,0.0,0.0,0.0,0,1,0,,7.48
664,2018-11-04,0.0,0.0,0.0,0,1,0,,7.48
665,2018-11-05,0.0,0.0,0.0,0,1,0,,7.48
666,2018-11-06,1.58,1.62,-0.039,0,0,0,2412.31,7.48
667,2018-11-07,1.307,1.213,0.094,0,0,0,2445.34,7.48
668,2018-11-08,1.725,1.791,-0.06,0,0,0,2438.62,7.489999999999999
669,2018-11-09,1.62,1.435,0.188,0,0,0,2403.4700000000003,7.489999999999999
670,2018-11-10,0.0,0.0,0.0,0,1,0,,7.489999999999999
671,2018-11-11,0.0,0.0,0.0,0,1,0,,7.489999999999999
672,2018-11-12,1.685,1.778,-0.089,0,0,0,2393.81,7.489999999999999
673,2018-11-13,1.738,1.356,0.382,0,0,0,2374.94,7.489999999999999
674,2018-11-14,1.58,1.293,0.291,0,0,0,2378.59,7.489999999999999
675,2018-11-15,1.778,1.699,0.08,0,0,0,2381.4500000000003,7.5
676,2018-11-16,1.383,1.659,-0.282,0,0,0,2372.67,7.51
677,2018-11-17,0.0,0.0,0.0,0,1,0,,7.5
678,2018-11-18,0.0,0.0,0.0,0,1,0,,7.5
679,2018-11-19,1.488,1.685,-0.205,0,0,0,2373.78,7.5
680,2018-11-20,1.514,1.488,0.021,0,0,0,2341.6,7.5
681,2018-11-21,1.33,1.409,-0.082,0,0,0,2357.9700000000003,7.5
682,2018-11-22,1.541,1.383,0.164,0,0,0,2369.53,7.489999999999999
683,2018-11-23,1.685,1.83,-0.145,0,0,0,2342.9700000000003,7.489999999999999
684,2018-11-24,0.0,0.0,0.0,0,1,0,,7.489999999999999
685,2018-11-25,0.0,0.0,0.0,0,1,0,,7.489999999999999
686,2018-11-26,1.672,2.502,-0.826,0,0,0,2308.5,7.489999999999999
687,2018-11-27,1.712,2.186,-0.476,0,0,0,2338.71,7.5
688,2018-11-28,1.514,1.646,-0.13,1,0,0,2381.12,7.5
689,2018-11-29,1.725,1.817,-0.096,0,0,0,2398.56,7.5
690,2018-11-30,1.633,1.778,-0.145,0,0,0,2392.5,7.5
691,2018-12-01,0.0,0.0,0.0,0,1,0,,7.5
692,2018-12-02,0.0,0.0,0.0,0,1,0,,7.5
693,2018-12-03,1.527,1.699,-0.164,0,0,0,2441.19,7.5
694,2018-12-04,1.409,1.633,-0.22,0,0,0,2443.38,7.5
695,2018-12-05,1.396,1.554,-0.153,0,0,0,2445.55,7.5
696,2018-12-06,1.514,1.462,0.049,0,0,0,2412.31,7.5
697,2018-12-07,1.646,1.554,0.081,0,0,0,2431.29,7.5
698,2018-12-08,0.0,0.0,0.0,0,1,0,,7.5
699,2018-12-09,0.0,0.0,0.0,0,1,0,,7.5
700,2018-12-10,2.094,2.146,-0.059,0,0,0,2396.84,7.5
701,2018-12-11,1.738,2.041,-0.3,0,0,0,2394.26,7.5
702,2018-12-12,1.527,1.593,-0.062,0,0,0,2370.35,7.51
703,2018-12-13,1.712,1.606,0.101,0,0,0,2378.5,7.539999999999999
704,2018-12-14,1.725,2.001,-0.277,0,0,0,2365.69,7.55
705,2018-12-15,0.0,0.0,0.0,0,1,0,,7.55
706,2018-12-16,0.0,0.0,0.0,0,1,0,,7.55
707,2018-12-17,2.133,2.41,-0.283,0,0,0,2359.13,7.55
708,2018-12-18,2.08,1.883,0.19,0,0,0,2350.29,7.68
709,2018-12-19,1.593,1.87,-0.281,0,0,0,2358.58,7.75
710,2018-12-20,2.238,2.344,-0.107,0,0,0,2352.88,7.75
711,2018-12-21,2.91,1.83,1.079,0,0,0,2347.17,7.75
712,2018-12-22,0.0,0.0,0.0,0,1,0,,7.76
713,2018-12-23,0.0,0.0,0.0,0,1,0,,7.76
714,2018-12-24,2.462,2.673,-0.218,0,0,0,2322.27,7.76
715,2018-12-25,2.963,2.989,-0.017,0,0,0,2290.86,7.76
716,2018-12-26,2.884,2.41,0.465,0,0,0,2308.85,7.76
717,2018-12-27,3.713,3.371,0.337,0,0,0,2327.81,7.76
718,2018-12-28,3.871,3.16,0.71,1,0,0,2358.5,7.76
719,2018-12-29,2.331,2.238,0.097,0,1,0,2369.33,7.7700000000000005
720,2018-12-30,0.006,0.04,-0.034,0,1,0,,7.7700000000000005
721,2018-12-31,0.004,0.0,0.004,0,0,0,,7.7700000000000005
722,2019-01-01,0.0,0.0,0.0,0,1,0,,7.7700000000000005
723,2019-01-02,0.0,0.0,0.0,0,1,0,,7.7700000000000005
724,2019-01-03,0.018,0.078,-0.06,0,1,0,2375.6,7.7700000000000005
725,2019-01-04,0.007,0.001,0.006,0,1,0,2406.5,7.7700000000000005
726,2019-01-05,0.0,0.0,0.0,0,1,0,,7.7700000000000005
727,2019-01-06,0.009,0.062,-0.053,0,1,0,,7.7700000000000005
728,2019-01-07,0.0,0.0,0.0,0,1,0,,7.7700000000000005
729,2019-01-08,0.006,0.002,0.004,0,1,0,2389.69,7.7700000000000005
730,2019-01-09,1.685,2.199,-0.516,0,0,0,2414.13,7.7700000000000005
731,2019-01-10,1.975,1.791,0.187,0,0,0,2434.15,7.76
732,2019-01-11,2.015,1.527,0.487,0,0,0,2444.4500000000003,7.76
733,2019-01-12,0.0,0.0,0.0,0,1,0,,7.7700000000000005
734,2019-01-13,0.0,0.0,0.0,0,1,0,,7.7700000000000005
735,2019-01-14,1.778,1.791,-0.008,0,0,0,2440.15,7.7700000000000005
736,2019-01-15,2.159,1.593,0.566,0,0,0,2439.55,7.8
737,2019-01-16,1.226,1.975,-0.753,0,0,0,2434.6,7.8100000000000005
738,2019-01-17,1.488,1.305,0.187,0,0,0,2447.64,7.8100000000000005
739,2019-01-18,1.488,1.475,0.012,0,0,0,2473.61,7.8
740,2019-01-19,0.0,0.0,0.0,0,1,0,,7.79
741,2019-01-20,0.0,0.0,0.0,0,1,0,,7.79
742,2019-01-21,1.83,1.857,-0.034,0,0,0,2468.25,7.79
743,2019-01-22,2.396,1.791,0.606,0,0,0,2468.73,7.8
744,2019-01-23,1.475,1.206,0.267,0,0,0,2491.4900000000002,7.8
745,2019-01-24,1.293,1.593,-0.301,0,0,0,2482.71,7.8
746,2019-01-25,1.962,2.041,-0.08,0,0,0,2498.23,7.8
747,2019-01-26,0.0,0.0,0.0,0,1,0,,7.779999999999999
748,2019-01-27,0.0,0.0,0.0,0,1,0,,7.779999999999999
749,2019-01-28,1.646,2.001,-0.353,1,0,0,2476.81,7.779999999999999
750,2019-01-29,1.501,1.409,0.094,0,0,0,2498.35,7.79
751,2019-01-30,1.699,1.527,0.169,0,0,0,2511.86,7.79
752,2019-01-31,1.751,1.62,0.134,0,0,0,2521.1,7.79
753,2019-02-01,1.567,1.62,-0.052,0,0,0,2521.7000000000003,7.79
754,2019-02-02,0.0,0.0,0.0,0,1,0,,7.779999999999999
755,2019-02-03,0.0,0.0,0.0,0,1,0,,7.779999999999999
756,2019-02-04,1.527,2.673,-1.146,0,0,0,2523.52,7.779999999999999
757,2019-02-05,1.422,1.435,-0.011,0,0,0,2547.27,7.779999999999999
758,2019-02-06,1.343,1.343,0.009,0,0,0,2539.73,7.779999999999999
759,2019-02-07,1.475,1.317,0.155,0,0,0,2509.89,7.779999999999999
760,2019-02-08,1.646,1.33,0.319,0,0,0,2502.82,7.779999999999999
761,2019-02-09,0.0,0.0,0.0,0,1,0,,7.779999999999999
762,2019-02-10,0.0,0.0,0.0,0,1,0,,7.779999999999999
763,2019-02-11,1.593,1.791,-0.201,0,0,0,2510.2200000000003,7.779999999999999
764,2019-02-12,2.515,1.593,0.925,0,0,0,2533.32,7.7700000000000005
765,2019-02-13,1.659,1.475,0.196,0,0,0,2485.76,7.76
766,2019-02-14,1.857,1.475,0.387,0,0,0,2460.82,7.76
767,2019-02-15,1.817,1.778,0.037,0,0,0,2490.16,7.75
768,2019-02-16,0.0,0.0,0.0,0,1,0,,7.739999999999999
769,2019-02-17,0.0,0.0,0.0,0,1,0,,7.739999999999999
770,2019-02-18,1.593,2.173,-0.58,0,0,0,2472.41,7.739999999999999
771,2019-02-19,1.343,1.206,0.132,0,0,0,2458.55,7.739999999999999
772,2019-02-20,1.936,1.435,0.496,0,0,0,2487.82,7.739999999999999
773,2019-02-21,1.83,1.87,-0.035,0,0,0,2470.23,7.739999999999999
774,2019-02-22,1.764,2.515,-0.748,0,0,0,2488.63,7.7299999999999995
775,2019-02-23,0.0,0.0,0.0,0,1,0,,7.7299999999999995
776,2019-02-24,0.0,0.0,0.0,0,1,0,,7.7299999999999995
777,2019-02-25,2.028,2.594,-0.567,0,1,0,2494.63,7.7299999999999995
778,2019-02-26,1.962,1.725,0.24,0,0,0,2494.02,7.7299999999999995
779,2019-02-27,1.699,1.751,-0.051,0,0,0,2490.65,7.720000000000001
780,2019-02-28,2.462,1.936,0.521,1,0,0,2485.27,7.720000000000001
781,2019-03-01,1.699,1.541,0.159,0,0,0,2478.01,7.7299999999999995
782,2019-03-02,0.0,0.0,0.0,0,1,0,,7.720000000000001
783,2019-03-03,0.0,0.0,0.0,0,1,0,,7.720000000000001
784,2019-03-04,1.554,1.988,-0.439,0,0,0,2473.79,7.720000000000001
785,2019-03-05,1.606,1.857,-0.25,0,0,0,2466.23,7.720000000000001
786,2019-03-06,1.514,1.234,0.275,0,0,0,2494.04,7.720000000000001
787,2019-03-07,1.751,1.554,0.196,0,0,0,2476.64,7.720000000000001
788,2019-03-08,0.0,0.0,0.0,0,1,0,,7.720000000000001
789,2019-03-09,0.0,0.0,0.0,0,1,0,,7.720000000000001
790,2019-03-10,0.0,0.0,0.0,0,1,0,,7.720000000000001
791,2019-03-11,2.12,1.909,0.213,0,0,0,2465.94,7.720000000000001
792,2019-03-12,2.633,2.989,-0.362,0,0,0,2468.25,7.720000000000001
793,2019-03-13,1.514,1.804,-0.287,0,0,0,2470.61,7.720000000000001
794,2019-03-14,1.725,1.448,0.284,0,0,0,2457.79,7.720000000000001
795,2019-03-15,1.646,1.685,-0.033,0,0,0,2476.73,7.7299999999999995
796,2019-03-16,0.0,0.0,0.0,0,1,0,,7.720000000000001
797,2019-03-17,0.0,0.0,0.0,0,1,0,,7.720000000000001
798,2019-03-18,1.685,1.83,-0.153,0,0,0,2483.7000000000003,7.720000000000001
799,2019-03-19,1.409,1.501,-0.095,0,0,0,2493.28,7.720000000000001
800,2019-03-20,1.383,1.712,-0.329,0,0,0,2504.23,7.720000000000001
801,2019-03-21,2.054,1.87,0.178,0,0,0,2507.81,7.720000000000001
802,2019-03-22,1.26,1.712,-0.457,0,0,0,2492.7000000000003,7.71
803,2019-03-23,0.0,0.0,0.0,0,1,0,,7.7
804,2019-03-24,0.0,0.0,0.0,0,1,0,,7.7
805,2019-03-25,2.331,2.989,-0.651,0,0,0,2497.59,7.7
806,2019-03-26,1.313,1.659,-0.347,0,0,0,2512.63,7.6899999999999995
807,2019-03-27,1.725,1.541,0.193,0,0,0,2487.48,7.6899999999999995
808,2019-03-28,2.041,2.265,-0.223,1,0,0,2492.4,7.6899999999999995
809,2019-03-29,3.094,2.015,1.082,0,0,0,2497.1,7.6899999999999995
810,2019-03-30,0.0,0.0,0.0,0,1,0,,7.6899999999999995
811,2019-03-31,0.0,0.0,0.0,0,1,0,,7.6899999999999995
812,2019-04-01,1.475,3.134,-1.659,0,0,0,2521.25,7.6899999999999995
813,2019-04-02,1.254,1.501,-0.25,0,0,0,2527.77,7.6899999999999995
814,2019-04-03,1.58,1.383,0.195,0,0,0,2532.32,7.55
815,2019-04-04,1.804,1.975,-0.173,0,0,0,2535.5,7.55
816,2019-04-05,2.159,1.448,0.709,0,0,0,2540.9900000000002,7.55
817,2019-04-06,0.0,0.0,0.0,0,1,0,,7.55
818,2019-04-07,0.0,0.0,0.0,0,1,0,,7.55
819,2019-04-08,1.685,1.791,-0.099,0,0,0,2560.07,7.55
820,2019-04-09,1.725,1.633,0.091,0,0,0,2570.28,7.5600000000000005
821,2019-04-10,1.857,1.237,0.62,0,0,0,2578.58,7.5600000000000005
822,2019-04-11,1.356,1.435,-0.079,0,0,0,2551.4500000000003,7.5600000000000005
823,2019-04-12,1.87,1.685,0.185,0,0,0,2559.7200000000003,7.57
824,2019-04-13,0.0,0.0,0.0,0,1,0,,7.57
825,2019-04-14,0.0,0.0,0.0,0,1,0,,7.57
826,2019-04-15,1.896,1.975,-0.087,0,0,0,2545.12,7.57
827,2019-04-16,1.409,1.383,0.027,0,0,0,2559.84,7.57
828,2019-04-17,1.223,1.501,-0.282,0,0,0,2568.26,7.59
829,2019-04-18,1.633,1.791,-0.153,0,0,0,2560.8,7.61
830,2019-04-19,1.843,1.949,-0.105,0,0,0,2563.9,7.62
831,2019-04-20,0.0,0.0,0.0,0,1,0,,7.62
832,2019-04-21,0.0,0.0,0.0,0,1,0,,7.62
833,2019-04-22,2.186,1.791,0.393,0,0,0,2584.7400000000002,7.62
834,2019-04-23,2.238,1.751,0.494,0,0,0,2587.48,7.61
835,2019-04-24,1.725,1.804,-0.07,0,0,0,2579.05,7.6
836,2019-04-25,2.08,3.068,-0.981,0,0,0,2560.94,7.6
837,2019-04-26,1.62,2.028,-0.403,0,0,0,2563.7200000000003,7.6
838,2019-04-27,0.0,0.0,0.0,0,1,0,,7.6
839,2019-04-28,0.0,0.0,0.0,0,1,0,,7.6
840,2019-04-29,2.489,2.647,-0.159,1,0,0,2569.83,7.6
841,2019-04-30,2.238,2.041,0.196,0,0,0,2559.32,7.59
842,2019-05-01,0.0,0.0,0.0,0,1,0,,7.59
843,2019-05-02,0.0,0.0,0.0,0,0,0,2575.2200000000003,7.59
844,2019-05-03,0.0,0.0,0.0,0,0,0,2580.9500000000003,7.59
845,2019-05-04,0.0,0.0,0.0,0,1,0,,7.59
846,2019-05-05,0.0,0.0,0.0,0,1,0,,7.59
847,2019-05-06,1.699,2.252,-0.546,0,0,0,2579.75,7.59
848,2019-05-07,2.818,1.672,1.154,0,0,0,2565.1,7.59
849,2019-05-08,1.672,1.462,0.209,0,0,0,2544.43,7.59
850,2019-05-09,0.0,0.0,0.0,0,1,0,,7.59
851,2019-05-10,0.0,0.0,0.0,0,0,0,2514.87,7.59
852,2019-05-11,0.0,0.0,0.0,0,1,0,,7.59
853,2019-05-12,0.0,0.0,0.0,0,1,0,,7.59
854,2019-05-13,2.278,2.001,0.281,0,0,0,2508.87,7.59
855,2019-05-14,1.988,1.791,0.195,0,0,0,2562.33,7.59
856,2019-05-15,1.751,1.672,0.082,0,0,0,2554.4900000000002,7.59
857,2019-05-16,1.804,1.817,-0.008,0,0,0,2581.11,7.59
858,2019-05-17,1.475,1.83,-0.362,0,0,0,2577.48,7.59
859,2019-05-18,0.0,0.0,0.0,0,1,0,,7.580000000000001
860,2019-05-19,0.0,0.0,0.0,0,1,0,,7.580000000000001
861,2019-05-20,1.778,1.975,-0.199,0,0,0,2571.65,7.580000000000001
862,2019-05-21,1.883,1.685,0.202,0,0,0,2616.53,7.59
863,2019-05-22,1.567,1.462,0.108,0,0,0,2638.71,7.59
864,2019-05-23,1.541,1.422,0.121,0,0,0,2618.61,7.59
865,2019-05-24,1.685,1.843,-0.157,0,0,0,2619.2400000000002,7.580000000000001
866,2019-05-25,0.0,0.0,0.0,0,1,0,,7.580000000000001
867,2019-05-26,0.0,0.0,0.0,0,1,0,,7.580000000000001
868,2019-05-27,1.896,2.502,-0.606,0,0,0,2632.9500000000003,7.580000000000001
869,2019-05-28,1.764,2.107,-0.344,1,0,0,2609.78,7.580000000000001
870,2019-05-29,1.422,1.962,-0.536,0,0,0,2641.15,7.580000000000001
871,2019-05-30,1.843,2.238,-0.407,0,0,0,2659.52,7.580000000000001
872,2019-05-31,1.83,2.08,-0.249,0,0,0,2665.33,7.580000000000001
873,2019-06-01,0.0,0.0,0.0,0,1,0,,7.580000000000001
874,2019-06-02,0.0,0.0,0.0,0,1,0,,7.580000000000001
875,2019-06-03,1.659,2.12,-0.462,0,0,0,2729.93,7.580000000000001
876,2019-06-04,1.593,2.001,-0.4,0,0,0,2706.29,7.55
877,2019-06-05,1.554,1.83,-0.271,0,0,0,2701.84,7.5600000000000005
878,2019-06-06,1.422,1.909,-0.489,0,0,0,2728.25,7.5600000000000005
879,2019-06-07,1.764,2.225,-0.456,0,0,0,2729.61,7.5600000000000005
880,2019-06-08,0.0,0.0,0.0,0,1,0,,7.539999999999999
881,2019-06-09,0.0,0.0,0.0,0,1,0,,7.539999999999999
882,2019-06-10,2.015,2.291,-0.267,0,0,0,2742.59,7.539999999999999
883,2019-06-11,1.804,2.028,-0.227,0,0,0,2751.75,7.51
884,2019-06-12,0.0,0.0,0.0,0,1,0,,7.51
885,2019-06-13,1.975,2.186,-0.213,0,0,0,2758.36,7.51
886,2019-06-14,1.909,2.436,-0.536,0,0,0,2739.28,7.5
887,2019-06-15,0.0,0.0,0.0,0,1,0,,7.48
888,2019-06-16,0.0,0.0,0.0,0,1,0,,7.48
889,2019-06-17,1.751,2.357,-0.598,0,0,0,2734.31,7.48
890,2019-06-18,1.422,1.975,-0.551,0,0,0,2761.69,7.449999999999999
891,2019-06-19,1.409,1.83,-0.42,0,0,0,2759.12,7.430000000000001
892,2019-06-20,1.58,1.83,-0.252,0,0,0,2780.2000000000003,7.430000000000001
893,2019-06-21,1.87,2.37,-0.496,0,0,0,2761.23,7.42
894,2019-06-22,0.0,0.0,0.0,0,1,0,,7.42
895,2019-06-23,0.0,0.0,0.0,0,1,0,,7.42
896,2019-06-24,1.606,2.265,-0.654,0,0,0,2762.65,7.42
897,2019-06-25,1.975,2.37,-0.392,0,0,0,2753.96,7.42
898,2019-06-26,1.685,2.159,-0.476,0,0,0,2775.14,7.42
899,2019-06-27,2.291,2.317,-0.033,0,0,0,2779.66,7.42
900,2019-06-28,2.726,2.502,0.229,1,0,0,2765.85,7.42
901,2019-06-29,0.0,0.0,0.0,0,1,0,,7.42
902,2019-06-30,0.0,0.0,0.0,0,1,0,,7.42
903,2019-07-01,1.751,2.357,-0.607,0,0,0,2801.4700000000003,7.42
904,2019-07-02,1.541,1.87,-0.328,0,0,0,2809.81,7.42
905,2019-07-03,1.247,1.843,-0.592,0,0,0,2823.9500000000003,7.42
906,2019-07-04,2.015,2.291,-0.275,0,0,0,2842.78,7.42
907,2019-07-05,1.685,2.094,-0.404,0,0,0,2835.35,7.42
908,2019-07-06,0.0,0.0,0.0,0,1,0,,7.42
909,2019-07-07,0.0,0.0,0.0,0,1,0,,7.42
910,2019-07-08,1.738,2.146,-0.407,0,0,0,2822.55,7.42
911,2019-07-09,1.488,1.804,-0.314,0,0,0,2822.66,7.42
912,2019-07-10,1.501,1.685,-0.196,0,0,0,2822.75,7.41
913,2019-07-11,1.501,1.791,-0.289,0,0,0,2789.66,7.39
914,2019-07-12,1.751,1.975,-0.222,0,0,0,2777.58,7.35
915,2019-07-13,0.0,0.0,0.0,0,1,0,,7.3
916,2019-07-14,0.0,0.0,0.0,0,1,0,,7.3
917,2019-07-15,2.107,1.87,0.238,0,0,0,2756.44,7.3
918,2019-07-16,1.488,1.514,-0.029,0,0,0,2755.88,7.28
919,2019-07-17,1.475,1.369,0.114,0,0,0,2713.17,7.2700000000000005
920,2019-07-18,1.87,1.699,0.167,0,0,0,2702.59,7.26
921,2019-07-19,1.672,1.659,0.012,0,0,0,2700.57,7.26
922,2019-07-20,0.0,0.0,0.0,0,1,0,,7.249999999999999
923,2019-07-21,0.0,0.0,0.0,0,1,0,,7.249999999999999
924,2019-07-22,1.527,1.883,-0.347,0,0,0,2684.25,7.249999999999999
925,2019-07-23,1.448,1.685,-0.224,0,0,0,2701.06,7.22
926,2019-07-24,1.343,1.896,-0.552,0,0,0,2682.91,7.21
927,2019-07-25,1.712,2.383,-0.678,0,0,0,2701.02,7.199999999999999
928,2019-07-26,1.554,2.146,-0.586,0,0,0,2715.68,7.199999999999999
929,2019-07-27,0.0,0.0,0.0,0,1,0,,7.19
930,2019-07-28,0.0,0.0,0.0,0,1,0,,7.19
931,2019-07-29,1.843,3.055,-1.216,1,0,0,2728.27,7.19
932,2019-07-30,1.659,2.265,-0.6,0,0,0,2734.68,7.140000000000001
933,2019-07-31,1.646,2.067,-0.419,0,0,0,2739.5,7.13
934,2019-08-01,1.646,1.83,-0.185,0,0,0,2729.42,7.12
935,2019-08-02,1.316,1.909,-0.594,0,0,0,2674.9,7.12
936,2019-08-03,0.0,0.0,0.0,0,1,0,,7.12
937,2019-08-04,0.0,0.0,0.0,0,1,0,,7.12
938,2019-08-05,2.699,2.146,0.55,0,0,0,2649.16,7.12
939,2019-08-06,1.738,1.936,-0.203,0,0,0,2683.35,7.109999999999999
940,2019-08-07,1.699,1.83,-0.123,0,0,0,2674.98,7.1
941,2019-08-08,1.949,2.396,-0.443,0,0,0,2696.69,7.1
942,2019-08-09,1.975,2.317,-0.347,0,0,0,2679.71,7.1
943,2019-08-10,0.0,0.0,0.0,0,1,0,,7.1
944,2019-08-11,0.0,0.0,0.0,0,1,0,,7.1
945,2019-08-12,1.896,1.883,0.005,0,0,0,2689.93,7.1
946,2019-08-13,1.685,1.791,-0.111,0,0,0,2680.12,7.1
947,2019-08-14,1.435,1.527,-0.092,0,0,0,2637.04,7.090000000000001
948,2019-08-15,1.646,1.791,-0.145,0,0,0,2625.58,7.090000000000001
949,2019-08-16,1.554,1.593,-0.038,0,0,0,2615.2000000000003,7.090000000000001
950,2019-08-17,0.0,0.0,0.0,0,1,0,,7.08
951,2019-08-18,0.0,0.0,0.0,0,1,0,,7.08
952,2019-08-19,1.541,1.685,-0.141,0,0,0,2648.09,7.08
953,2019-08-20,1.541,1.514,0.033,0,0,0,2672.84,7.07
954,2019-08-21,1.369,1.188,0.187,0,0,0,2673.9500000000003,7.07
955,2019-08-22,2.107,1.725,0.377,0,0,0,2675.13,7.07
956,2019-08-23,1.738,1.58,0.157,0,0,0,2660.7400000000002,7.06
957,2019-08-24,0.0,0.0,0.0,0,1,0,,7.06
958,2019-08-25,0.0,0.0,0.0,0,1,0,,7.06
959,2019-08-26,1.672,2.08,-0.417,0,0,0,2658.2400000000002,7.06
960,2019-08-27,1.593,1.448,0.142,0,0,0,2659.35,7.049999999999999
961,2019-08-28,1.475,1.396,0.074,1,0,0,2677.31,7.049999999999999
962,2019-08-29,1.633,1.396,0.23,0,0,0,2714.25,7.03
963,2019-08-30,1.764,1.606,0.152,0,0,0,2740.04,7.02
964,2019-08-31,0.0,0.0,0.0,0,1,0,,7.000000000000001
965,2019-09-01,0.0,0.001,-0.001,0,1,0,,7.000000000000001
966,2019-09-02,1.435,1.633,-0.196,0,0,0,2773.01,7.000000000000001
967,2019-09-03,1.725,1.383,0.338,0,0,0,2774.2000000000003,6.99
968,2019-09-04,1.409,1.263,0.143,0,0,0,2793.36,6.959999999999999
969,2019-09-05,2.778,1.369,1.409,0,0,0,2807.06,6.950000000000001
970,2019-09-06,1.343,1.448,-0.109,0,0,0,2797.55,6.93
971,2019-09-07,0.0,0.0,0.0,0,1,0,,6.890000000000001
972,2019-09-08,0.0,0.0,0.0,0,1,0,,6.890000000000001
973,2019-09-09,1.527,1.699,-0.177,0,0,0,2786.63,6.890000000000001
974,2019-09-10,1.817,1.311,0.512,0,0,0,2787.52,6.8500000000000005
975,2019-09-11,1.144,1.227,-0.083,0,0,0,2817.05,6.54
976,2019-09-12,2.146,1.383,0.768,0,0,0,2799.9900000000002,6.529999999999999
977,2019-09-13,1.646,1.475,0.171,0,0,0,2791.7400000000002,6.52
978,2019-09-14,0.0,0.0,0.0,0,1,0,,6.52
979,2019-09-15,0.0,0.0,0.0,0,1,0,,6.52
980,2019-09-16,1.422,1.778,-0.358,0,0,0,2834.32,6.52
981,2019-09-17,1.356,1.33,0.021,0,0,0,2820.86,6.52
982,2019-09-18,1.383,1.422,-0.043,0,0,0,2818.6,6.52
983,2019-09-19,1.87,1.356,0.519,0,0,0,2794.77,6.52
984,2019-09-20,1.738,1.672,0.059,0,0,0,2796.41,6.52
985,2019-09-21,0.0,0.0,0.0,0,1,0,,6.510000000000001
986,2019-09-22,0.0,0.0,0.0,0,1,0,,6.510000000000001
987,2019-09-23,1.554,1.909,-0.354,0,0,0,2785.46,6.510000000000001
988,2019-09-24,1.909,1.514,0.403,0,0,0,2754.53,6.5
989,2019-09-25,1.685,1.975,-0.291,0,0,0,2760.29,6.5
990,2019-09-26,1.817,1.778,0.033,0,0,0,2772.7000000000003,6.5
991,2019-09-27,1.843,1.778,0.064,0,0,0,2757.98,6.5
992,2019-09-28,0.0,0.0,0.0,0,1,0,,6.49
993,2019-09-29,0.0,0.0,0.0,0,1,0,,6.49
994,2019-09-30,2.08,2.067,0.01,1,0,0,2747.18,6.49
995,2019-10-01,1.527,1.672,-0.144,0,0,0,2758.83,6.4799999999999995
996,2019-10-02,1.396,1.409,-0.002,0,0,0,2719.39,6.4799999999999995
997,2019-10-03,1.356,1.223,0.134,0,0,0,2707.4700000000003,6.4799999999999995
998,2019-10-04,1.593,1.488,0.113,0,0,0,2692.55,6.4799999999999995
999,2019-10-05,0.0,0.0,0.0,0,1,0,,6.4799999999999995
1000,2019-10-06,0.001,0.0,0.001,0,1,0,,6.4799999999999995
1001,2019-10-07,1.672,1.83,-0.158,0,0,0,2719.2200000000003,6.4799999999999995
1002,2019-10-08,1.567,1.501,0.069,0,0,0,2707.89,6.4799999999999995
1003,2019-10-09,1.501,1.356,0.145,0,0,0,2713.02,6.47
1004,2019-10-10,1.896,1.593,0.304,0,0,0,2721.51,6.460000000000001
1005,2019-10-11,1.606,1.383,0.223,0,0,0,2708.07,6.4399999999999995
1006,2019-10-12,0.0,0.0,0.0,0,1,0,,6.4399999999999995
1007,2019-10-13,0.0,0.0,0.0,0,1,0,,6.4399999999999995
1008,2019-10-14,2.054,1.883,0.177,0,0,0,2697.46,6.4399999999999995
1009,2019-10-15,1.778,1.514,0.261,0,0,0,2715.26,6.43
1010,2019-10-16,1.356,1.246,0.114,0,0,0,2744.35,6.43
1011,2019-10-17,1.672,1.633,0.03,0,0,0,2748.64,6.4
1012,2019-10-18,1.672,1.593,0.078,0,0,0,2752.91,6.4
1013,2019-10-19,0.0,0.0,0.0,0,1,0,,6.34
1014,2019-10-20,0.0,0.0,0.0,0,1,0,,6.34
1015,2019-10-21,1.778,2.331,-0.549,0,0,0,2761.15,6.34
1016,2019-10-22,1.527,1.422,0.1,0,0,0,2802.23,6.3100000000000005
1017,2019-10-23,1.29,1.435,-0.144,0,0,0,2821.58,6.239999999999999
1018,2019-10-24,1.448,1.646,-0.193,0,0,0,2877.05,6.21
1019,2019-10-25,1.646,1.909,-0.267,0,0,0,2873.41,6.17
1020,2019-10-26,0.0,0.0,0.0,0,1,0,,6.16
1021,2019-10-27,0.0,0.0,0.0,0,1,0,,6.16
1022,2019-10-28,1.606,1.975,-0.36,1,0,0,2856.91,6.16
1023,2019-10-29,1.62,1.659,-0.034,0,0,0,2886.48,6.140000000000001
1024,2019-10-30,1.593,1.448,0.141,0,0,0,2911.15,6.1
1025,2019-10-31,2.173,1.764,0.4,0,0,0,2893.98,6.08
1026,2019-11-01,1.764,1.659,0.108,0,0,0,2930.4,6.05
1027,2019-11-02,0.0,0.0,0.0,0,1,0,,6.03
1028,2019-11-03,0.0,0.0,0.0,0,1,0,,6.03
1029,2019-11-04,0.0,0.0,0.0,0,1,0,,6.03
1030,2019-11-05,1.778,2.015,-0.228,0,0,0,2949.55,6.03
1031,2019-11-06,1.646,1.83,-0.18,0,0,0,2980.84,6.02
1032,2019-11-07,1.87,1.791,0.086,0,0,0,3008.54,6.01
1033,2019-11-08,1.962,1.778,0.187,0,0,0,2973.19,6.0
1034,2019-11-09,0.0,0.0,0.0,0,1,0,,6.0
1035,2019-11-10,0.0,0.0,0.0,0,1,0,,6.0
1036,2019-11-11,1.712,1.738,-0.035,0,0,0,2961.46,6.0
1037,2019-11-12,1.448,1.83,-0.378,0,0,0,2951.16,6.0
1038,2019-11-13,1.488,1.514,-0.027,0,0,0,2933.89,6.0
1039,2019-11-14,1.541,1.541,0.009,0,0,0,2922.4500000000003,6.0
1040,2019-11-15,1.685,1.699,-0.016,0,0,0,2934.82,6.0
1041,2019-11-16,0.0,0.0,0.0,0,1,0,,6.0
1042,2019-11-17,0.0,0.0,0.0,0,1,0,,6.0
1043,2019-11-18,1.857,2.304,-0.457,0,0,0,2924.48,6.0
1044,2019-11-19,1.699,1.475,0.233,0,0,0,2941.69,6.01
1045,2019-11-20,1.422,1.289,0.128,0,0,0,2936.4700000000003,6.3
1046,2019-11-21,1.369,1.33,0.038,0,0,0,2942.6,6.3
1047,2019-11-22,1.126,1.435,-0.311,0,0,0,2947.68,6.3
1048,2019-11-23,0.0,0.0,0.0,0,1,0,,6.3
1049,2019-11-24,0.0,0.0,0.0,0,1,0,,6.3
1050,2019-11-25,1.738,1.988,-0.249,0,0,0,2955.32,6.3
1051,2019-11-26,1.179,1.448,-0.272,0,0,0,2930.62,6.29
1052,2019-11-27,1.817,1.356,0.459,0,0,0,2929.05,6.29
1053,2019-11-28,1.369,1.58,-0.221,1,0,0,2927.57,6.29
1054,2019-11-29,1.857,1.751,0.097,0,0,0,2935.37,6.29
1055,2019-11-30,0.0,0.0,0.0,0,1,0,,6.29
1056,2019-12-01,0.0,0.0,0.0,0,1,0,,6.29
1057,2019-12-02,1.141,1.672,-0.531,0,0,0,2921.18,6.29
1058,2019-12-03,1.014,1.33,-0.32,0,0,0,2883.48,6.279999999999999
1059,2019-12-04,1.168,1.263,-0.095,0,0,0,2900.66,6.2700000000000005
1060,2019-12-05,1.699,1.475,0.224,0,0,0,2899.29,6.260000000000001
1061,2019-12-06,1.1,1.488,-0.388,0,0,0,2928.76,6.260000000000001
1062,2019-12-07,0.0,0.0,0.0,0,1,0,,6.25
1063,2019-12-08,0.0,0.0,0.0,0,1,0,,6.25
1064,2019-12-09,1.501,1.738,-0.229,0,0,0,2945.03,6.25
1065,2019-12-10,1.282,1.541,-0.257,0,0,0,2932.4,6.2700000000000005
1066,2019-12-11,1.567,1.646,-0.078,0,0,0,2954.4,6.1899999999999995
1067,2019-12-12,1.448,1.501,-0.046,0,0,0,2982.86,6.15
1068,2019-12-13,1.301,1.712,-0.405,0,0,0,2996.63,6.1
1069,2019-12-14,0.0,0.0,0.0,0,1,0,,6.069999999999999
1070,2019-12-15,0.0,0.0,0.0,0,1,0,,6.069999999999999
1071,2019-12-16,1.316,1.988,-0.676,0,0,0,3006.16,6.069999999999999
1072,2019-12-17,1.699,1.501,0.207,0,0,0,3013.29,6.03
1073,2019-12-18,1.567,1.646,-0.081,0,0,0,3023.92,6.01
1074,2019-12-19,1.646,1.685,-0.044,0,0,0,3008.39,6.05
1075,2019-12-20,1.633,1.883,-0.248,0,0,0,3015.93,6.03
1076,2019-12-21,0.0,0.0,0.0,0,1,0,,6.01
1077,2019-12-22,0.0,0.0,0.0,0,1,0,,6.01
1078,2019-12-23,2.173,2.252,-0.08,0,0,0,3033.81,6.01
1079,2019-12-24,2.936,1.949,0.996,0,0,0,3030.59,6.01
1080,2019-12-25,2.107,2.252,-0.147,0,0,0,3030.84,6.02
1081,2019-12-26,2.949,2.317,0.637,0,0,0,3031.67,6.02
1082,2019-12-27,2.949,2.726,0.224,0,0,0,3050.4700000000003,6.03
1083,2019-12-28,0.104,0.001,0.103,0,1,0,,6.03
1084,2019-12-29,0.001,0.0,0.001,0,1,0,,6.03
1085,2019-12-30,2.699,3.66,-0.967,1,0,0,3045.87,6.03
1086,2019-12-31,1.036,1.448,-0.411,0,0,0,,6.04
1087,2020-01-01,0.0,0.0,0.0,0,1,0,,6.05
1088,2020-01-02,0.0,0.0,0.0,0,1,0,,6.05
1089,2020-01-03,0.019,0.101,-0.082,0,1,0,3076.37,6.05
1090,2020-01-04,0.0,0.0,0.0,0,1,0,,6.05
1091,2020-01-05,0.0,0.0,0.0,0,1,0,,6.05
1092,2020-01-06,0.017,0.102,-0.085,0,1,0,3078.87,6.05
1093,2020-01-07,0.0,0.0,0.0,0,1,0,,6.05
1094,2020-01-08,0.006,0.007,-0.001,0,1,0,3110.06,6.05
1095,2020-01-09,1.843,2.265,-0.423,0,0,0,3118.08,6.05
1096,2020-01-10,1.804,1.488,0.322,0,0,0,3123.66,6.04
1097,2020-01-11,0.0,0.0,0.0,0,1,0,,6.05
1098,2020-01-12,0.0,0.0,0.0,0,1,0,,6.05
1099,2020-01-13,1.685,1.857,-0.174,0,0,0,3151.69,6.05
1100,2020-01-14,1.567,1.738,-0.168,0,0,0,3129.77,6.04
1101,2020-01-15,1.672,1.541,0.125,0,0,0,3132.63,6.04
1102,2020-01-16,1.488,1.422,0.065,0,0,0,3157.23,6.05
1103,2020-01-17,1.047,1.422,-0.379,0,0,0,3196.88,6.04
1104,2020-01-18,0.0,0.0,0.0,0,1,0,,6.03
1105,2020-01-19,0.0,0.0,0.0,0,1,0,,6.03
1106,2020-01-20,1.275,1.843,-0.574,0,0,0,3219.92,6.03
1107,2020-01-21,1.672,1.448,0.226,0,0,0,3209.2200000000003,6.02
1108,2020-01-22,1.018,1.305,-0.286,0,0,0,3174.62,6.02
1109,2020-01-23,1.227,1.284,-0.057,0,0,0,3141.2000000000003,6.01
1110,2020-01-24,1.124,1.488,-0.359,0,0,0,3146.2000000000003,6.0
1111,2020-01-25,0.0,0.0,0.0,0,1,0,,6.0
1112,2020-01-26,0.0,0.0,0.0,0,1,0,,6.0
1113,2020-01-27,2.094,3.265,-1.175,0,0,0,3085.16,6.0
1114,2020-01-28,1.751,2.238,-0.492,1,0,0,3113.1,5.99
1115,2020-01-29,1.422,1.383,0.04,0,0,0,3128.8,5.99
1116,2020-01-30,1.383,1.751,-0.368,0,0,0,3108.58,5.99
1117,2020-01-31,1.685,1.58,0.106,0,0,0,3076.65,5.99
1118,2020-02-01,0.0,0.0,0.0,0,1,0,,5.99
1119,2020-02-02,0.0,0.0,0.0,0,1,0,,5.99
1120,2020-02-03,1.199,1.712,-0.519,0,0,0,3070.84,5.99
1121,2020-02-04,1.422,1.383,0.032,0,0,0,3097.6,6.0
1122,2020-02-05,1.527,1.409,0.107,0,0,0,3114.25,5.99
1123,2020-02-06,1.462,1.409,0.047,0,0,0,3096.6800000000003,5.99
1124,2020-02-07,1.87,1.369,0.498,0,0,0,3087.63,5.9799999999999995
1125,2020-02-08,0.0,0.0,0.0,0,1,0,,5.970000000000001
1126,2020-02-09,0.0,0.0,0.0,0,1,0,,5.970000000000001
1127,2020-02-10,1.804,1.922,-0.121,0,0,0,3062.41,5.970000000000001
1128,2020-02-11,1.189,1.554,-0.363,0,0,0,3097.58,5.88
1129,2020-02-12,1.488,1.271,0.22,0,0,0,3122.27,5.84
1130,2020-02-13,1.712,1.396,0.31,0,0,0,3110.05,5.84
1131,2020-02-14,1.646,1.554,0.089,0,0,0,3096.88,5.83
1132,2020-02-15,0.0,0.0,0.0,0,1,0,,5.82
1133,2020-02-16,0.0,0.0,0.0,0,1,0,,5.82
1134,2020-02-17,1.541,1.87,-0.323,0,0,0,3110.06,5.82
1135,2020-02-18,1.343,1.435,-0.092,0,0,0,3074.05,5.82
1136,2020-02-19,1.116,1.276,-0.159,0,0,0,3114.57,5.83
1137,2020-02-20,1.738,1.396,0.338,0,0,0,3125.1,5.81
1138,2020-02-21,1.383,1.58,-0.2,0,0,0,3106.03,5.800000000000001
1139,2020-02-22,0.0,0.0,0.0,0,1,0,,5.800000000000001
1140,2020-02-23,0.0,0.0,0.0,0,1,0,,5.800000000000001
1141,2020-02-24,0.0,0.0,0.0,0,1,0,,5.800000000000001
1142,2020-02-25,1.988,2.396,-0.404,0,0,0,3002.68,5.800000000000001
1143,2020-02-26,1.383,1.672,-0.293,0,0,0,3017.42,5.79
1144,2020-02-27,1.936,2.054,-0.113,0,0,0,2915.84,5.79
1145,2020-02-28,1.883,1.83,0.062,1,0,0,2785.08,5.79
1146,2020-02-29,0.0,0.0,0.0,0,1,0,,5.800000000000001
1147,2020-03-01,0.0,0.0,0.0,0,1,0,,5.800000000000001
1148,2020-03-02,1.606,1.909,-0.304,0,0,0,2765.77,5.800000000000001
1149,2020-03-03,1.475,1.448,0.029,0,0,0,2821.37,5.800000000000001
1150,2020-03-04,1.356,1.33,0.017,0,0,0,2828.01,5.81
1151,2020-03-05,1.778,1.541,0.24,0,0,0,2816.7000000000003,5.79
1152,2020-03-06,1.218,1.501,-0.281,0,0,0,2719.51,5.779999999999999
1153,2020-03-07,0.0,0.0,0.0,0,1,0,,5.800000000000001
1154,2020-03-08,0.0,0.0,0.0,0,1,0,,5.800000000000001
1155,2020-03-09,0.0,0.0,0.0,0,1,0,,5.800000000000001
1156,2020-03-10,2.12,2.278,-0.161,0,0,0,2498.94,5.800000000000001
1157,2020-03-11,1.817,1.699,0.117,0,0,0,2492.88,5.94
1158,2020-03-12,1.488,1.462,0.031,0,0,0,2286.4,5.970000000000001
1159,2020-03-13,1.817,1.646,0.174,0,0,0,2316.38,6.3100000000000005
1160,2020-03-14,0.0,0.0,0.0,0,1,0,,6.3
1161,2020-03-15,0.0,0.0,0.0,0,1,0,,6.3
1162,2020-03-16,1.672,1.988,-0.307,0,0,0,2266.9,6.3
1163,2020-03-17,1.396,1.567,-0.172,0,0,0,2224.7400000000002,6.34
1164,2020-03-18,1.177,1.422,-0.252,0,0,0,2112.64,6.18
1165,2020-03-19,1.422,1.554,-0.131,0,0,0,2275.7000000000003,6.0600000000000005
1166,2020-03-20,1.699,1.764,-0.067,0,0,0,2331.61,6.16
1167,2020-03-21,0.0,0.0,0.0,0,1,0,,6.03
1168,2020-03-22,0.0,0.0,0.0,0,1,0,,6.03
1169,2020-03-23,1.712,1.883,-0.174,0,0,0,2253.35,6.03
1170,2020-03-24,1.554,1.606,-0.064,0,0,0,2415.9700000000003,5.92
1171,2020-03-25,1.659,1.804,-0.15,0,0,0,2452.69,5.91
1172,2020-03-26,2.094,2.265,-0.166,0,0,0,2489.9700000000003,5.83
1173,2020-03-27,2.475,2.607,-0.119,0,1,1,2401.11,5.79
1174,2020-03-28,0.0,0.0,0.0,0,1,1,,5.82
1175,2020-03-29,0.0,0.0,0.0,0,0,1,,5.82
1176,2020-03-30,1.541,2.041,-0.5,0,0,1,2433.35,5.82
1177,2020-03-31,1.019,1.255,-0.235,0,0,1,2508.81,5.82
1178,2020-04-01,1.009,0.871,0.138,0,0,1,2473.61,5.82
1179,2020-04-02,0.993,0.862,0.131,0,0,1,2545.9500000000003,5.82
1180,2020-04-03,0.817,0.946,-0.129,0,1,1,2572.23,5.82
1181,2020-04-04,0.0,0.0,0.0,0,1,1,,5.82
1182,2020-04-05,0.0,0.0,0.0,0,0,1,,5.82
1183,2020-04-06,1.435,1.764,-0.329,0,0,1,2622.59,5.82
1184,2020-04-07,1.113,1.527,-0.409,0,0,1,2634.7400000000002,5.81
1185,2020-04-08,1.356,1.244,0.117,0,0,1,2670.12,5.779999999999999
1186,2020-04-09,1.475,1.302,0.169,0,0,1,2701.77,5.779999999999999
1187,2020-04-10,1.501,1.488,0.012,0,1,1,2677.86,5.800000000000001
1188,2020-04-11,0.004,0.009,-0.006,0,1,1,,5.79
1189,2020-04-12,0.002,0.001,0.001,0,0,1,,5.79
1190,2020-04-13,1.245,1.396,-0.153,0,0,1,2628.85,5.79
1191,2020-04-14,1.302,1.209,0.092,0,0,1,2631.83,5.779999999999999
1192,2020-04-15,1.343,1.409,-0.073,0,0,1,2498.94,5.779999999999999
1193,2020-04-16,1.015,1.172,-0.157,0,0,1,2515.05,5.7700000000000005
1194,2020-04-17,1.181,1.245,-0.064,0,1,1,2534.9700000000003,5.76
1195,2020-04-18,0.0,0.003,-0.002,0,1,1,,5.72
1196,2020-04-19,0.0,0.0,0.0,0,0,1,,5.72
1197,2020-04-20,1.58,1.738,-0.161,0,0,1,2525.9700000000003,5.72
1198,2020-04-21,1.108,1.191,-0.083,0,0,1,2488.02,5.65
1199,2020-04-22,0.841,1.004,-0.162,0,0,1,2573.41,6.15
1200,2020-04-23,0.908,1.247,-0.339,0,0,1,2599.41,6.17
1201,2020-04-24,1.343,1.356,-0.016,0,1,1,2562.03,6.140000000000001
1202,2020-04-25,0.001,0.007,-0.006,0,1,1,,6.12
1203,2020-04-26,0.0,0.0,0.0,0,0,1,,6.12
1204,2020-04-27,1.462,2.001,-0.543,0,0,1,2570.91,6.12
1205,2020-04-28,1.369,1.409,-0.036,0,0,1,2612.2400000000002,5.99
1206,2020-04-29,1.593,1.435,0.151,0,0,1,2663.14,5.94
1207,2020-04-30,2.186,1.896,0.287,0,0,1,2650.56,5.96
1208,2020-05-01,0.0,0.0,0.0,0,1,1,,5.970000000000001
1209,2020-05-02,0.0,0.0,0.0,0,1,1,,5.970000000000001
1210,2020-05-03,0.0,0.0,0.0,0,0,1,,5.970000000000001
1211,2020-05-04,0.032,0.13,-0.097,0,1,1,2624.64,5.970000000000001
1212,2020-05-05,0.008,0.002,0.007,0,1,1,2653.51,5.970000000000001
1213,2020-05-06,1.263,2.212,-0.953,0,0,1,2632.1,5.970000000000001
1214,2020-05-07,1.593,1.356,0.243,0,0,1,2634.0,5.9799999999999995
1215,2020-05-08,1.646,1.58,0.066,0,1,1,2641.55,5.9799999999999995
1216,2020-05-09,0.0,0.0,0.0,0,1,1,,5.9799999999999995
1217,2020-05-10,0.004,0.011,-0.007,0,0,1,,5.9799999999999995
1218,2020-05-11,0.0,0.0,0.0,0,1,1,,5.9799999999999995
1219,2020-05-12,1.857,2.094,-0.238,0,0,1,2642.04,5.9799999999999995
1220,2020-05-13,1.488,1.369,0.115,0,0,0,2604.98,5.96
1221,2020-05-14,1.633,1.606,0.036,0,0,0,2590.31,5.93
1222,2020-05-15,2.12,1.804,0.312,0,0,0,2593.91,5.93
1223,2020-05-16,0.053,0.009,0.044,0,1,0,,5.87
1224,2020-05-17,0.009,0.001,0.008,0,1,0,,5.87
1225,2020-05-18,1.462,1.87,-0.405,0,0,0,2694.25,5.87
1226,2020-05-19,1.567,1.422,0.151,0,0,0,2711.7200000000003,5.84
1227,2020-05-20,1.501,1.501,0.004,0,0,0,2770.79,5.83
1228,2020-05-21,1.369,1.448,-0.078,0,0,0,2718.67,5.81
1229,2020-05-22,1.066,1.514,-0.45,0,0,0,2709.38,5.81
1230,2020-05-23,0.005,0.003,0.002,0,1,0,,5.7700000000000005
1231,2020-05-24,0.0,0.0,0.0,0,1,0,,5.7700000000000005
1232,2020-05-25,1.462,1.659,-0.195,0,0,0,2757.93,5.7700000000000005
1233,2020-05-26,0.936,1.272,-0.337,0,0,0,2754.04,5.76
1234,2020-05-27,1.116,1.527,-0.41,0,0,0,2741.02,5.75
1235,2020-05-28,1.685,1.567,0.118,1,0,0,2779.98,5.7700000000000005
1236,2020-05-29,1.62,1.738,-0.113,0,0,0,2734.83,5.75
1237,2020-05-30,0.005,0.005,0.0,0,1,0,,5.74
1238,2020-05-31,0.0,0.0,0.0,0,1,0,,5.74
1239,2020-06-01,1.462,1.514,-0.048,0,0,0,2750.2400000000002,5.74
1240,2020-06-02,1.235,1.369,-0.13,0,0,0,2796.51,5.74
1241,2020-06-03,1.185,1.278,-0.093,0,0,0,2831.08,5.7299999999999995
1242,2020-06-04,1.527,1.356,0.169,0,0,0,2766.26,5.71
1243,2020-06-05,1.764,1.475,0.295,0,0,0,2792.7400000000002,5.6899999999999995
1244,2020-06-06,0.001,0.008,-0.007,0,1,0,,5.6899999999999995
1245,2020-06-07,0.0,0.0,0.0,0,1,0,,5.6899999999999995
1246,2020-06-08,1.501,1.62,-0.118,0,0,0,2796.3,5.6899999999999995
1247,2020-06-09,1.409,2.884,-1.475,0,0,0,2795.9,5.680000000000001
1248,2020-06-10,1.87,1.633,0.233,0,0,0,2785.18,5.63
1249,2020-06-11,2.383,2.12,0.257,0,0,0,2743.8,5.510000000000001
1250,2020-06-12,0.0,0.0,0.0,0,1,0,,5.52
1251,2020-06-13,0.0,0.0,0.0,0,1,0,,5.52
1252,2020-06-14,0.002,0.019,-0.017,0,1,0,,5.52
1253,2020-06-15,1.791,2.212,-0.425,0,0,0,2719.06,5.52
1254,2020-06-16,1.475,1.804,-0.336,0,0,0,2748.3,5.46
1255,2020-06-17,1.541,1.462,0.087,0,0,0,2740.1,5.390000000000001
1256,2020-06-18,1.501,1.554,-0.056,0,0,0,2724.33,5.33
1257,2020-06-19,1.567,1.738,-0.173,0,0,0,2758.67,5.28
1258,2020-06-20,0.001,0.027,-0.026,0,1,0,,5.12
1259,2020-06-21,0.0,0.0,0.0,0,1,0,,5.12
1260,2020-06-22,2.028,2.278,-0.243,0,0,0,2763.29,5.12
1261,2020-06-23,1.672,2.08,-0.399,0,0,0,2791.9700000000003,4.9
1262,2020-06-24,0.0,0.0,0.0,0,0,0,,4.84
1263,2020-06-25,2.357,2.502,-0.141,0,0,0,2760.75,4.84
1264,2020-06-26,1.659,2.238,-0.585,0,0,0,2761.7400000000002,4.92
1265,2020-06-27,0.001,0.011,-0.01,0,1,0,,4.89
1266,2020-06-28,0.0,0.0,0.0,0,1,0,,4.89
1267,2020-06-29,2.252,2.331,-0.073,1,0,0,2767.9500000000003,4.89
1268,2020-06-30,2.37,2.146,0.223,0,0,0,2743.2000000000003,4.84
1269,2020-07-01,0.006,0.035,-0.029,0,1,0,,4.83
1270,2020-07-02,2.225,2.541,-0.311,0,0,0,2788.79,4.83
1271,2020-07-03,2.08,1.975,0.113,0,0,0,2801.66,4.82
1272,2020-07-04,0.0,0.0,0.0,0,1,0,,4.82
1273,2020-07-05,0.0,0.0,0.0,0,1,0,,4.82
1274,2020-07-06,1.843,2.094,-0.255,0,0,0,2835.18,4.82
1275,2020-07-07,1.62,1.462,0.15,0,0,0,2825.21,4.82
1276,2020-07-08,1.462,1.435,0.025,0,0,0,2815.83,4.78
1277,2020-07-09,1.764,1.646,0.113,0,0,0,2782.43,4.75
1278,2020-07-10,1.962,1.791,0.178,0,0,0,2800.94,4.74
1279,2020-07-11,0.0,0.0,0.0,0,1,0,,4.73
1280,2020-07-12,0.0,0.0,0.0,0,1,0,,4.73
1281,2020-07-13,1.751,1.922,-0.178,0,0,0,2766.79,4.73
1282,2020-07-14,1.62,1.712,-0.087,0,0,0,2744.54,4.72
1283,2020-07-15,1.672,1.699,-0.023,0,0,0,2747.91,4.71
1284,2020-07-16,1.646,1.488,0.151,0,0,0,2760.01,4.68
1285,2020-07-17,1.356,1.593,-0.236,0,0,0,2774.79,4.66
1286,2020-07-18,0.0,0.0,0.0,0,1,0,,4.66
1287,2020-07-19,0.0,0.0,0.0,0,1,0,,4.66
1288,2020-07-20,1.712,1.83,-0.115,0,0,0,2802.2400000000002,4.66
1289,2020-07-21,1.672,1.501,0.167,0,0,0,2825.71,4.64
1290,2020-07-22,1.396,1.369,0.021,0,0,0,2834.65,4.63
1291,2020-07-23,1.475,1.58,-0.098,0,0,0,2851.79,4.63
1292,2020-07-24,1.843,1.606,0.226,0,0,0,2863.12,4.63
1293,2020-07-25,0.0,0.0,0.0,0,1,0,,4.62
1294,2020-07-26,0.0,0.0,0.0,0,1,0,,4.62
1295,2020-07-27,1.554,2.554,-1.0,0,0,0,2884.88,4.62
1296,2020-07-28,1.593,1.738,-0.138,1,0,0,2895.4500000000003,4.62
1297,2020-07-29,1.448,1.593,-0.141,0,0,0,2918.42,4.62
1298,2020-07-30,1.87,1.764,0.103,0,0,0,2882.63,4.61
1299,2020-07-31,1.725,1.725,0.004,0,0,0,2911.57,4.6
1300,2020-08-01,0.0,0.0,0.0,0,1,0,,4.61
1301,2020-08-02,0.0,0.0,0.0,0,1,0,,4.61
1302,2020-08-03,1.554,1.817,-0.257,0,0,0,2929.9700000000003,4.61
1303,2020-08-04,1.435,1.462,-0.025,0,0,0,2940.46,4.6
1304,2020-08-05,1.685,1.475,0.213,0,0,0,2992.78,4.58
1305,2020-08-06,1.672,1.593,0.069,0,0,0,2988.5,4.6
1306,2020-08-07,1.817,1.633,0.173,0,0,0,2972.35,4.6
1307,2020-08-08,0.0,0.0,0.0,0,1,0,,4.590000000000001
1308,2020-08-09,0.0,0.0,0.0,0,1,0,,4.590000000000001
1309,2020-08-10,1.896,1.936,-0.043,0,0,0,2960.78,4.590000000000001
1310,2020-08-11,1.712,1.712,0.002,0,0,0,3005.63,4.590000000000001
1311,2020-08-12,1.646,1.567,0.087,0,0,0,3053.9900000000002,4.58
1312,2020-08-13,1.896,2.041,-0.153,0,0,0,3080.44,4.58
1313,2020-08-14,1.896,1.962,-0.064,0,0,0,3061.9900000000002,4.58
1314,2020-08-15,0.0,0.0,0.0,0,1,0,,4.58
1315,2020-08-16,0.0,0.0,0.0,0,1,0,,4.58
1316,2020-08-17,1.606,2.054,-0.45,0,0,0,3052.46,4.58
1317,2020-08-18,1.369,1.751,-0.378,0,0,0,3050.7000000000003,4.58
1318,2020-08-19,1.514,1.646,-0.128,0,0,0,3056.54,4.590000000000001
1319,2020-08-20,1.83,2.133,-0.31,0,0,0,2993.69,4.590000000000001
1320,2020-08-21,1.804,1.909,-0.11,0,0,0,2995.61,4.590000000000001
1321,2020-08-22,0.0,0.0,0.0,0,1,0,,4.6
1322,2020-08-23,0.0,0.0,0.0,0,1,0,,4.6
1323,2020-08-24,1.725,2.067,-0.348,0,0,0,3029.42,4.6
1324,2020-08-25,1.896,1.988,-0.085,0,0,0,3029.05,4.6
1325,2020-08-26,1.33,1.62,-0.283,0,0,0,3051.9700000000003,4.6
1326,2020-08-27,1.659,1.672,-0.004,0,0,0,3012.01,4.590000000000001
1327,2020-08-28,1.58,1.883,-0.31,1,0,0,2980.17,4.6
1328,2020-08-29,0.0,0.0,0.0,0,1,0,,4.6
1329,2020-08-30,0.0,0.0,0.0,0,1,0,,4.6
1330,2020-08-31,1.883,2.159,-0.285,0,0,0,2966.2000000000003,4.6
1331,2020-09-01,1.422,1.712,-0.295,0,0,0,2975.0,4.590000000000001
1332,2020-09-02,1.301,1.343,-0.047,0,0,0,2956.5,4.590000000000001
1333,2020-09-03,1.488,1.541,-0.058,0,0,0,2931.92,4.590000000000001
1334,2020-09-04,1.593,1.712,-0.126,0,0,0,2921.55,4.590000000000001
1335,2020-09-05,0.0,0.0,0.0,0,1,0,,4.590000000000001
1336,2020-09-06,0.0,0.0,0.0,0,1,0,,4.590000000000001
1337,2020-09-07,1.83,2.015,-0.185,0,0,0,2932.29,4.590000000000001
1338,2020-09-08,1.383,1.567,-0.174,0,0,0,2888.79,4.590000000000001
1339,2020-09-09,1.514,1.396,0.118,0,0,0,2876.07,4.590000000000001
1340,2020-09-10,1.988,1.791,0.199,0,0,0,2897.55,4.590000000000001
1341,2020-09-11,1.633,1.659,-0.031,0,0,0,2910.51,4.590000000000001
1342,2020-09-12,0.0,0.0,0.0,0,1,0,,4.6
1343,2020-09-13,0.0,0.0,0.0,0,1,0,,4.6
1344,2020-09-14,2.015,2.331,-0.316,0,0,0,2928.38,4.6
1345,2020-09-15,2.001,1.936,0.066,0,0,0,2980.58,4.6
1346,2020-09-16,1.422,1.541,-0.122,0,0,0,2975.01,4.590000000000001
1347,2020-09-17,1.699,1.936,-0.236,0,0,0,2971.7400000000002,4.58
1348,2020-09-18,1.751,1.646,0.105,0,0,0,2951.79,4.590000000000001
1349,2020-09-19,0.0,0.0,0.0,0,1,0,,4.590000000000001
1350,2020-09-20,0.0,0.0,0.0,0,1,0,,4.590000000000001
1351,2020-09-21,1.975,2.067,-0.102,0,0,0,2863.67,4.590000000000001
1352,2020-09-22,1.475,1.699,-0.233,0,0,0,2884.66,4.6
1353,2020-09-23,1.462,1.699,-0.231,0,0,0,2916.39,4.6
1354,2020-09-24,1.896,2.015,-0.122,0,0,0,2912.76,4.61
1355,2020-09-25,1.778,1.988,-0.215,0,0,0,2896.83,4.61
1356,2020-09-26,0.0,0.0,0.0,0,1,0,,4.61
1357,2020-09-27,0.0,0.0,0.0,0,1,0,,4.61
1358,2020-09-28,2.252,2.502,-0.251,1,0,0,2927.17,4.61
1359,2020-09-29,2.067,2.041,0.027,0,0,0,2910.12,4.62
1360,2020-09-30,2.186,2.344,-0.157,0,0,0,2905.81,4.62
1361,2020-10-01,1.593,1.988,-0.384,0,0,0,2889.8,4.62
1362,2020-10-02,1.554,1.62,-0.064,0,0,0,2852.42,4.62
1363,2020-10-03,0.0,0.0,0.0,0,1,0,,4.62
1364,2020-10-04,0.0,0.0,0.0,0,1,0,,4.62
1365,2020-10-05,1.843,2.159,-0.315,0,0,0,2881.98,4.62
1366,2020-10-06,1.62,1.738,-0.118,0,0,0,2892.9900000000002,4.62
1367,2020-10-07,1.475,1.593,-0.119,0,0,0,2842.58,4.62
1368,2020-10-08,1.646,1.712,-0.064,0,0,0,2846.39,4.62
1369,2020-10-09,1.87,1.83,0.036,0,0,0,2834.09,4.62
1370,2020-10-10,0.0,0.0,0.0,0,1,0,,4.62
1371,2020-10-11,0.0,0.0,0.0,0,1,0,,4.62
1372,2020-10-12,1.843,2.054,-0.215,0,0,0,2846.14,4.62
1373,2020-10-13,1.712,1.659,0.043,0,0,0,2829.23,4.63
1374,2020-10-14,1.712,2.396,-0.689,0,0,0,2856.08,4.63
1375,2020-10-15,1.936,1.936,-0.005,0,0,0,2817.29,4.63
1376,2020-10-16,1.606,1.817,-0.209,0,0,0,2799.54,4.62
1377,2020-10-17,0.0,0.0,0.0,0,1,0,,4.62
1378,2020-10-18,0.0,0.0,0.0,0,1,0,,4.62
1379,2020-10-19,1.778,2.212,-0.442,0,0,0,2794.27,4.62
1380,2020-10-20,1.83,2.028,-0.199,0,0,0,2803.06,4.63
1381,2020-10-21,1.554,1.83,-0.277,0,0,0,2786.23,4.63
1382,2020-10-22,1.541,1.936,-0.405,0,0,0,2803.17,4.63
1383,2020-10-23,1.751,1.949,-0.187,0,0,0,2816.7000000000003,4.63
1384,2020-10-24,0.0,0.0,0.0,0,1,0,,4.63
1385,2020-10-25,0.0,0.0,0.0,0,1,0,,4.63
1386,2020-10-26,1.87,2.752,-0.882,0,0,0,2785.59,4.63
1387,2020-10-27,1.804,2.094,-0.287,0,0,0,2763.03,4.63
1388,2020-10-28,1.791,2.449,-0.659,1,0,0,2693.46,4.63
1389,2020-10-29,1.83,2.383,-0.559,0,0,0,2709.04,4.63
1390,2020-10-30,2.146,2.449,-0.307,0,0,0,2690.59,4.63
1391,2020-10-31,0.002,0.022,-0.019,0,1,0,,4.63
1392,2020-11-01,0.0,0.0,0.0,0,1,0,,4.63
1393,2020-11-02,1.817,2.66,-0.835,0,0,0,2737.54,4.63
1394,2020-11-03,1.738,1.83,-0.092,0,0,0,2786.42,4.63
1395,2020-11-04,0.0,0.0,0.0,0,1,0,,4.63
1396,2020-11-05,2.08,2.146,-0.061,0,0,0,2861.39,4.63
1397,2020-11-06,1.922,1.922,-0.009,0,0,0,2895.62,4.63
1398,2020-11-07,0.0,0.0,0.0,0,1,0,,4.62
1399,2020-11-08,0.0,0.0,0.0,0,1,0,,4.62
1400,2020-11-09,1.949,2.278,-0.326,0,0,0,2987.75,4.62
1401,2020-11-10,1.909,2.146,-0.244,0,0,0,2998.61,4.62
1402,2020-11-11,1.778,1.699,0.075,0,0,0,3015.03,4.61
1403,2020-11-12,2.133,2.212,-0.079,0,0,0,3025.83,4.63
1404,2020-11-13,2.067,2.304,-0.242,0,0,0,3025.2200000000003,4.62
1405,2020-11-14,0.0,0.0,0.0,0,1,0,,4.61
1406,2020-11-15,0.0,0.0,0.0,0,1,0,,4.61
1407,2020-11-16,1.857,2.857,-1.001,0,0,0,3079.7400000000002,4.61
1408,2020-11-17,1.554,1.843,-0.286,0,0,0,3052.2200000000003,4.61
1409,2020-11-18,1.725,2.028,-0.305,0,0,0,3080.6800000000003,4.62
1410,2020-11-19,2.001,2.094,-0.092,0,0,0,3046.4900000000002,4.62
1411,2020-11-20,2.067,2.265,-0.194,0,0,0,3051.04,4.62
1412,2020-11-21,0.0,0.0,0.0,0,1,0,,4.62
1413,2020-11-22,0.0,0.0,0.0,0,1,0,,4.62
1414,2020-11-23,2.067,2.541,-0.468,0,0,0,3047.06,4.62
1415,2020-11-24,1.857,2.08,-0.221,0,0,0,3095.84,4.62
1416,2020-11-25,2.067,2.739,-0.672,0,0,0,3134.52,4.62
1417,2020-11-26,1.936,2.541,-0.609,0,0,0,3138.62,4.62
1418,2020-11-27,2.001,2.317,-0.316,0,0,0,3142.6800000000003,4.62
1419,2020-11-28,0.0,0.0,0.0,0,1,0,,4.61
1420,2020-11-29,0.0,0.0,0.0,0,1,0,,4.61
1421,2020-11-30,2.607,3.16,-0.554,1,0,0,3107.58,4.61
1422,2020-12-01,1.62,2.37,-0.755,0,0,0,3147.79,4.61
1423,2020-12-02,1.633,1.817,-0.177,0,0,0,3189.61,4.6
1424,2020-12-03,1.764,1.975,-0.22,0,0,0,3162.67,4.6
1425,2020-12-04,1.896,2.054,-0.155,0,0,0,3184.7200000000003,4.6
1426,2020-12-05,0.0,0.0,0.0,0,1,0,,4.590000000000001
1427,2020-12-06,0.0,0.0,0.0,0,1,0,,4.590000000000001
1428,2020-12-07,2.173,2.462,-0.285,0,0,0,3195.08,4.590000000000001
1429,2020-12-08,1.751,2.08,-0.333,0,0,0,3179.61,4.58
1430,2020-12-09,1.817,1.843,-0.03,0,0,0,3211.66,4.58
1431,2020-12-10,2.568,2.423,0.15,0,0,0,3258.31,4.569999999999999
1432,2020-12-11,2.489,2.107,0.374,0,0,0,3276.58,4.5600000000000005
1433,2020-12-12,0.0,0.0,0.0,0,1,0,,4.5600000000000005
1434,2020-12-13,0.0,0.0,0.0,0,1,0,,4.5600000000000005
1435,2020-12-14,2.41,2.963,-0.56,0,0,0,3254.83,4.5600000000000005
1436,2020-12-15,2.396,2.62,-0.229,0,0,0,3248.11,4.5600000000000005
1437,2020-12-16,2.436,2.344,0.093,0,0,0,3269.9500000000003,4.569999999999999
1438,2020-12-17,2.449,2.91,-0.462,0,0,0,3282.67,4.58
1439,2020-12-18,2.62,2.739,-0.108,0,0,0,3273.75,4.58
1440,2020-12-19,0.0,0.0,0.0,0,1,0,,4.58
1441,2020-12-20,0.0,0.0,0.0,0,1,0,,4.58
1442,2020-12-21,3.028,3.845,-0.819,0,0,0,3186.38,4.58
1443,2020-12-22,2.423,2.633,-0.212,0,0,0,3236.46,4.6
1444,2020-12-23,2.568,2.462,0.101,0,0,0,3252.1,4.62
1445,2020-12-24,3.647,3.423,0.226,0,0,0,3236.88,4.62
1446,2020-12-25,4.108,3.95,0.161,0,0,0,3246.35,4.62
1447,2020-12-26,0.167,0.033,0.135,0,1,0,,4.61
1448,2020-12-27,0.0,0.0,0.0,0,1,0,,4.61
1449,2020-12-28,5.109,5.003,0.111,1,0,0,3258.9500000000003,4.61
1450,2020-12-29,4.292,4.279,0.006,0,0,0,3274.67,4.61
1451,2020-12-30,4.49,4.332,0.159,0,0,0,3289.02,4.61
1452,2020-12-31,1.554,1.857,-0.305,0,0,0,,4.63
1453,2021-01-01,0.0,0.0,0.0,0,1,0,,4.65
1454,2021-01-02,0.0,0.0,0.0,0,1,0,,4.65
1455,2021-01-03,0.0,0.0,0.0,0,1,0,,4.65
1456,2021-01-04,0.039,0.184,-0.145,0,1,0,3350.51,4.65
1457,2021-01-05,0.012,0.024,-0.012,0,1,0,3359.15,4.65
1458,2021-01-06,0.011,0.011,0.0,0,1,0,3371.03,4.65
1459,2021-01-07,0.0,0.0,0.0,0,1,0,,4.65
1460,2021-01-08,0.022,0.152,-0.129,0,1,0,3454.82,4.65
1461,2021-01-09,0.0,0.0,0.0,0,1,0,,4.65
1462,2021-01-10,0.0,0.0,0.0,0,1,0,,4.65
1463,2021-01-11,3.265,3.542,-0.28,0,0,0,3482.48,4.65
1464,2021-01-12,2.37,3.265,-0.906,0,0,0,3471.65,4.65
1465,2021-01-13,1.672,1.857,-0.182,0,0,0,3470.26,4.65
1466,2021-01-14,2.107,2.291,-0.178,0,0,0,3490.85,4.66
1467,2021-01-15,2.146,2.844,-0.707,0,0,0,3450.9500000000003,4.66
1468,2021-01-16,0.0,0.0,0.0,0,1,0,,4.66
1469,2021-01-17,0.0,0.0,0.0,0,1,0,,4.66
1470,2021-01-18,2.12,2.949,-0.824,0,0,0,3471.92,4.66
1471,2021-01-19,1.606,1.988,-0.38,0,0,0,3443.23,4.65
1472,2021-01-20,1.949,2.12,-0.161,0,0,0,3466.8,4.64
1473,2021-01-21,1.764,2.146,-0.386,0,0,0,3422.67,4.65
1474,2021-01-22,1.633,2.304,-0.661,0,0,0,3382.92,4.66
1475,2021-01-23,0.0,0.028,-0.027,0,1,0,,4.66
1476,2021-01-24,0.0,0.0,0.0,0,1,0,,4.66
1477,2021-01-25,2.159,3.423,-1.269,0,0,0,3397.48,4.66
1478,2021-01-26,1.738,2.107,-0.377,0,0,0,3390.76,4.67
1479,2021-01-27,1.804,1.975,-0.17,0,0,0,3343.62,4.68
1480,2021-01-28,2.541,2.265,0.278,1,0,0,3342.01,4.68
1481,2021-01-29,2.252,2.66,-0.401,0,0,0,3277.08,4.68
1482,2021-01-30,0.0,0.0,0.0,0,1,0,,4.68
1483,2021-01-31,0.0,0.0,0.0,0,1,0,,4.68
1484,2021-02-01,2.12,2.568,-0.45,0,0,0,3291.14,4.68
1485,2021-02-02,1.501,1.896,-0.392,0,0,0,3360.25,4.68
1486,2021-02-03,1.567,2.041,-0.479,0,0,0,3343.46,4.67
1487,2021-02-04,1.659,2.041,-0.384,0,0,0,3372.0,4.66
1488,2021-02-05,1.988,2.054,-0.062,0,0,0,3392.73,4.66
1489,2021-02-06,0.0,0.0,0.0,0,1,0,,4.66
1490,2021-02-07,0.0,0.0,0.0,0,1,0,,4.66
1491,2021-02-08,1.817,2.607,-0.796,0,0,0,3445.9,4.66
1492,2021-02-09,1.778,2.291,-0.516,0,0,0,3426.86,4.66
1493,2021-02-10,2.317,2.094,0.216,0,0,0,3399.66,4.66
1494,2021-02-11,1.922,2.054,-0.129,0,0,0,3414.32,4.66
1495,2021-02-12,2.673,3.015,-0.336,0,0,0,3427.08,4.66
1496,2021-02-13,0.0,0.0,0.0,0,1,0,,4.66
1497,2021-02-14,0.0,0.0,0.0,0,1,0,,4.66
1498,2021-02-15,2.357,2.647,-0.29,0,0,0,3481.9,4.66
1499,2021-02-16,1.764,2.001,-0.238,0,0,0,3495.26,4.67
1500,2021-02-17,1.646,1.83,-0.188,0,0,0,3436.8,4.66
1501,2021-02-18,1.778,2.252,-0.472,0,0,0,3400.17,4.68
1502,2021-02-19,1.857,2.344,-0.488,0,0,0,3457.6800000000003,4.66
1503,2021-02-20,1.791,2.067,-0.266,0,0,0,3446.32,4.65
1504,2021-02-21,0.0,0.0,0.0,0,1,0,,4.65
1505,2021-02-22,0.014,0.024,-0.01,0,1,0,3433.9300000000003,4.65
1506,2021-02-23,0.0,0.0,0.0,0,1,0,,4.65
1507,2021-02-24,2.475,3.358,-0.874,0,0,0,3385.48,4.65
1508,2021-02-25,2.581,3.107,-0.53,0,0,0,3409.76,4.65
1509,2021-02-26,2.62,2.976,-0.356,0,0,0,3346.64,4.65
1510,2021-02-27,0.0,0.0,0.0,0,1,0,,4.67
1511,2021-02-28,0.0,0.0,0.0,0,1,0,,4.67
1512,2021-03-01,2.094,2.976,-0.878,0,0,0,3386.16,4.67
1513,2021-03-02,1.922,2.37,-0.448,0,0,0,3410.1,4.66
1514,2021-03-03,1.699,1.936,-0.232,0,0,0,3416.04,4.66
1515,2021-03-04,2.015,2.001,0.008,0,0,0,3397.56,4.66
1516,2021-03-05,2.37,2.357,0.013,0,0,0,3414.13,4.65
1517,2021-03-06,0.0,0.0,0.0,0,1,0,,4.65
1518,2021-03-07,0.0,0.0,0.0,0,1,0,,4.65
1519,2021-03-08,0.0,0.0,0.0,0,1,0,,4.65
1520,2021-03-09,2.08,3.331,-1.26,0,0,0,3478.7200000000003,4.65
1521,2021-03-10,2.173,2.146,0.025,0,0,0,3463.06,4.64
1522,2021-03-11,1.83,2.146,-0.318,0,0,0,3508.51,4.63
1523,2021-03-12,2.133,2.673,-0.542,0,0,0,3539.5,4.64
1524,2021-03-13,0.0,0.0,0.0,0,1,0,,4.66
1525,2021-03-14,0.0,0.0,0.0,0,1,0,,4.66
1526,2021-03-15,2.423,3.042,-0.619,0,0,0,3584.4900000000002,4.66
1527,2021-03-16,1.659,2.173,-0.512,0,0,0,3589.83,4.72
1528,2021-03-17,1.817,2.225,-0.413,0,0,0,3507.91,4.77
1529,2021-03-18,2.041,2.502,-0.473,0,0,0,3504.85,4.5600000000000005
1530,2021-03-19,2.107,2.699,-0.594,0,0,0,3475.26,4.55
1531,2021-03-20,0.0,0.0,0.0,0,1,0,,4.63
1532,2021-03-21,0.0,0.0,0.0,0,1,0,,4.63
1533,2021-03-22,1.962,2.778,-0.811,0,0,0,3489.07,4.63
1534,2021-03-23,2.489,2.396,0.098,0,0,0,3467.21,4.71
1535,2021-03-24,1.936,2.528,-0.588,0,0,0,3485.33,4.72
1536,2021-03-25,2.304,3.173,-0.87,0,0,0,3439.3,4.71
1537,2021-03-26,2.173,4.687,-2.515,0,0,0,3489.83,4.71
1538,2021-03-27,0.0,0.0,0.0,0,1,0,,4.71
1539,2021-03-28,0.0,0.0,0.0,0,1,0,,4.71
1540,2021-03-29,2.357,3.371,-1.018,1,0,0,3529.33,4.71
1541,2021-03-30,2.317,2.568,-0.26,0,0,0,3525.23,4.74
1542,2021-03-31,2.528,2.528,-0.005,0,0,0,3541.7200000000003,4.75
